ID,PROJECT,FILE,START,END,LOC,CYCLO,MAXNESTING,NOAV,NOLV,NOP,MaMCL,MeMCL,tl_result,is_long_method
M-000024,C:/Users/dssar/Estudo/USP/Pesquisa/Base de Dados/Suporte/Projetos/Pr01 - MapTalks,src/control/Control.js,190,211,22,3,1,0,0,0,1,0.0,0,0
M-000085,C:/Users/dssar/Estudo/USP/Pesquisa/Base de Dados/Suporte/Projetos/Pr01 - MapTalks,src/control/Control.Zoom.js,151,154,4,1,0,0,0,1,1,0.0,0,0
M-000086,C:/Users/dssar/Estudo/USP/Pesquisa/Base de Dados/Suporte/Projetos/Pr01 - MapTalks,src/control/Control.Zoom.js,156,159,4,1,0,0,0,1,1,0.0,0,0
M-000135,C:/Users/dssar/Estudo/USP/Pesquisa/Base de Dados/Suporte/Projetos/Pr01 - MapTalks,src/core/util/LRUCache.js,163,167,5,2,0,0,0,2,1,0.0,0,0
M-000191,C:/Users/dssar/Estudo/USP/Pesquisa/Base de Dados/Suporte/Projetos/Pr01 - MapTalks,src/geo/Extent.js,390,397,8,1,0,0,0,4,1,0.0,0,0
M-000225,C:/Users/dssar/Estudo/USP/Pesquisa/Base de Dados/Suporte/Projetos/Pr01 - MapTalks,src/geo/Position.js,60,64,5,1,0,0,0,0,1,0.0,0,0
M-000257,C:/Users/dssar/Estudo/USP/Pesquisa/Base de Dados/Suporte/Projetos/Pr01 - MapTalks,src/geo/Size.js,82,86,5,1,0,0,0,0,1,0.0,0,0
M-000269,C:/Users/dssar/Estudo/USP/Pesquisa/Base de Dados/Suporte/Projetos/Pr01 - MapTalks,src/geometry/CenterMixin.js,41,52,12,4,1,2,2,1,1,0.0,0,0
M-000315,C:/Users/dssar/Estudo/USP/Pesquisa/Base de Dados/Suporte/Projetos/Pr01 - MapTalks,src/geometry/editor/GeometryEditor.js,110,177,68,22,2,3,3,0,1,0.0,0,1
M-000327,C:/Users/dssar/Estudo/USP/Pesquisa/Base de Dados/Suporte/Projetos/Pr01 - MapTalks,src/geometry/editor/GeometryEditor.js,512,645,134,15,5,6,6,0,1,0.0,1,1
M-000371,C:/Users/dssar/Estudo/USP/Pesquisa/Base de Dados/Suporte/Projetos/Pr01 - MapTalks,src/geometry/ext/Geometry.Drag.js,167,257,91,20,3,11,11,1,1,0.0,1,1
M-000590,C:/Users/dssar/Estudo/USP/Pesquisa/Base de Dados/Suporte/Projetos/Pr01 - MapTalks,src/geometry/Rectangle.js,79,83,5,1,0,0,0,1,1,0.0,0,0
M-000598,C:/Users/dssar/Estudo/USP/Pesquisa/Base de Dados/Suporte/Projetos/Pr01 - MapTalks,src/geometry/Rectangle.js,162,185,24,5,3,7,7,0,1,0.0,0,0
M-000632,C:/Users/dssar/Estudo/USP/Pesquisa/Base de Dados/Suporte/Projetos/Pr01 - MapTalks,src/geometry/TextBox.js,189,291,103,29,5,5,5,0,1,0.0,1,1
M-000646,C:/Users/dssar/Estudo/USP/Pesquisa/Base de Dados/Suporte/Projetos/Pr01 - MapTalks,src/handler/Drag.js,28,32,5,1,0,0,0,2,1,0.0,0,0
M-000701,C:/Users/dssar/Estudo/USP/Pesquisa/Base de Dados/Suporte/Projetos/Pr01 - MapTalks,src/layer/ImageLayer.js,286,291,6,2,1,0,0,1,1,0.0,0,0
M-000713,C:/Users/dssar/Estudo/USP/Pesquisa/Base de Dados/Suporte/Projetos/Pr01 - MapTalks,src/layer/Layer.js,225,238,14,1,0,0,0,1,1,0.0,0,0
M-000754,C:/Users/dssar/Estudo/USP/Pesquisa/Base de Dados/Suporte/Projetos/Pr01 - MapTalks,src/layer/OverlayLayer.js,197,279,83,24,6,2,2,2,1,0.0,1,1
M-000788,C:/Users/dssar/Estudo/USP/Pesquisa/Base de Dados/Suporte/Projetos/Pr01 - MapTalks,src/layer/tile/CanvasTileLayer.js,16,22,7,2,1,0,0,2,1,0.0,0,0
M-000839,C:/Users/dssar/Estudo/USP/Pesquisa/Base de Dados/Suporte/Projetos/Pr01 - MapTalks,src/layer/tile/TileLayer.js,444,549,106,17,5,20,20,9,1,0.0,1,1
M-000846,C:/Users/dssar/Estudo/USP/Pesquisa/Base de Dados/Suporte/Projetos/Pr01 - MapTalks,src/layer/tile/TileLayer.js,808,815,8,1,0,1,1,0,1,0.0,0,0
M-000851,C:/Users/dssar/Estudo/USP/Pesquisa/Base de Dados/Suporte/Projetos/Pr01 - MapTalks,src/layer/tile/TileLayer.js,878,1107,230,55,8,32,32,5,1,0.0,1,1
M-000914,C:/Users/dssar/Estudo/USP/Pesquisa/Base de Dados/Suporte/Projetos/Pr01 - MapTalks,src/map/handler/Map.GeometryEvents.js,200,399,200,32,8,11,11,2,1,0.0,1,1
M-001110,C:/Users/dssar/Estudo/USP/Pesquisa/Base de Dados/Suporte/Projetos/Pr01 - MapTalks,src/map/tool/DrawTool.js,322,329,8,2,1,2,2,0,1,0.0,0,0
M-001145,C:/Users/dssar/Estudo/USP/Pesquisa/Base de Dados/Suporte/Projetos/Pr01 - MapTalks,src/renderer/edit/EditHandle.js,101,114,14,4,2,0,0,0,1,0.0,0,0
M-001183,C:/Users/dssar/Estudo/USP/Pesquisa/Base de Dados/Suporte/Projetos/Pr01 - MapTalks,src/renderer/geometry/Painter.js,156,237,82,26,4,13,13,5,1,0.0,1,1
M-001184,C:/Users/dssar/Estudo/USP/Pesquisa/Base de Dados/Suporte/Projetos/Pr01 - MapTalks,src/renderer/geometry/Painter.js,239,393,155,23,8,8,8,7,1,0.0,1,1
M-001185,C:/Users/dssar/Estudo/USP/Pesquisa/Base de Dados/Suporte/Projetos/Pr01 - MapTalks,src/renderer/geometry/Painter.js,395,508,114,22,5,7,7,2,1,0.0,1,1
M-001207,C:/Users/dssar/Estudo/USP/Pesquisa/Base de Dados/Suporte/Projetos/Pr01 - MapTalks,src/renderer/geometry/Painter.js,865,868,4,1,0,0,0,0,1,0.0,0,0
M-001226,C:/Users/dssar/Estudo/USP/Pesquisa/Base de Dados/Suporte/Projetos/Pr01 - MapTalks,src/renderer/geometry/symbolizers/DebugSymbolizer.js,19,56,38,9,4,9,9,1,1,0.0,0,0
M-001230,C:/Users/dssar/Estudo/USP/Pesquisa/Base de Dados/Suporte/Projetos/Pr01 - MapTalks,src/renderer/geometry/symbolizers/DrawAltitudeSymbolizer.js,71,74,4,3,0,1,1,0,1,0.0,0,0
M-001281,C:/Users/dssar/Estudo/USP/Pesquisa/Base de Dados/Suporte/Projetos/Pr01 - MapTalks,src/renderer/geometry/symbolizers/VectorMarkerSymbolizer.js,37,57,21,11,1,2,2,2,1,0.0,0,0
M-001382,C:/Users/dssar/Estudo/USP/Pesquisa/Base de Dados/Suporte/Projetos/Pr01 - MapTalks,src/renderer/layer/ImageGLRenderable.js,230,251,22,1,0,1,1,5,1,0.0,0,0
M-001426,C:/Users/dssar/Estudo/USP/Pesquisa/Base de Dados/Suporte/Projetos/Pr01 - MapTalks,src/renderer/layer/tilelayer/TileLayerCanvasRenderer.js,158,283,126,29,8,15,15,0,1,0.0,1,1
M-001493,C:/Users/dssar/Estudo/USP/Pesquisa/Base de Dados/Suporte/Projetos/Pr01 - MapTalks,src/renderer/layer/tilelayer/TileLayerDomRenderer.js,298,392,95,21,3,9,9,0,1,0.0,1,1
M-001501,C:/Users/dssar/Estudo/USP/Pesquisa/Base de Dados/Suporte/Projetos/Pr01 - MapTalks,src/renderer/layer/tilelayer/TileLayerDomRenderer.js,547,554,8,3,3,0,0,0,1,0.0,0,0
M-001506,C:/Users/dssar/Estudo/USP/Pesquisa/Base de Dados/Suporte/Projetos/Pr01 - MapTalks,src/renderer/layer/tilelayer/TileLayerDomRenderer.js,631,653,23,2,1,1,1,1,1,0.0,0,0
M-001541,C:/Users/dssar/Estudo/USP/Pesquisa/Base de Dados/Suporte/Projetos/Pr01 - MapTalks,src/renderer/layer/vectorlayer/OverlayLayerCanvasRenderer.js,70,73,4,1,0,0,0,1,1,0.0,0,0
M-001571,C:/Users/dssar/Estudo/USP/Pesquisa/Base de Dados/Suporte/Projetos/Pr01 - MapTalks,src/renderer/layer/vectorlayer/VectorLayerCanvasRenderer.js,381,465,85,22,4,15,15,1,1,0.0,1,1
M-001578,C:/Users/dssar/Estudo/USP/Pesquisa/Base de Dados/Suporte/Projetos/Pr01 - MapTalks,src/renderer/map/MapCanvasRenderer.js,99,198,100,35,5,11,11,2,1,0.0,1,1
M-001584,C:/Users/dssar/Estudo/USP/Pesquisa/Base de Dados/Suporte/Projetos/Pr01 - MapTalks,src/renderer/map/MapCanvasRenderer.js,315,392,78,19,4,7,7,1,1,0.0,1,1
M-001679,C:/Users/dssar/Estudo/USP/Pesquisa/Base de Dados/Suporte/Projetos/Pr01 - MapTalks,src/ui/ToolTip.js,152,156,5,1,0,0,0,0,1,0.0,0,0
M-001686,C:/Users/dssar/Estudo/USP/Pesquisa/Base de Dados/Suporte/Projetos/Pr01 - MapTalks,src/ui/UIComponent.js,180,308,129,24,3,7,7,1,1,0.0,1,1
M-001916,C:/Users/dssar/Estudo/USP/Pesquisa/Base de Dados/Suporte/Projetos/Pr02 - Atom,packages/git-diff/lib/git-diff-view.js,211,217,7,2,0,0,0,0,1,0.0,0,0
M-001936,C:/Users/dssar/Estudo/USP/Pesquisa/Base de Dados/Suporte/Projetos/Pr02 - Atom,packages/incompatible-packages/lib/incompatible-packages-component.js,12,38,27,2,3,0,0,1,1,0.0,0,0
M-001946,C:/Users/dssar/Estudo/USP/Pesquisa/Base de Dados/Suporte/Projetos/Pr02 - Atom,packages/incompatible-packages/lib/incompatible-packages-component.js,195,212,18,3,3,0,0,0,1,0.0,0,0
M-001947,C:/Users/dssar/Estudo/USP/Pesquisa/Base de Dados/Suporte/Projetos/Pr02 - Atom,packages/incompatible-packages/lib/incompatible-packages-component.js,214,217,4,1,0,0,0,2,1,0.0,0,0
M-001982,C:/Users/dssar/Estudo/USP/Pesquisa/Base de Dados/Suporte/Projetos/Pr02 - Atom,packages/welcome/lib/guide-view.js,380,388,9,3,1,0,0,0,1,0.0,0,0
M-001983,C:/Users/dssar/Estudo/USP/Pesquisa/Base de Dados/Suporte/Projetos/Pr02 - Atom,packages/welcome/lib/guide-view.js,390,396,7,1,0,0,0,0,1,0.0,0,0
M-002154,C:/Users/dssar/Estudo/USP/Pesquisa/Base de Dados/Suporte/Projetos/Pr02 - Atom,src/atom-environment.js,1093,1098,6,2,0,0,0,0,1,0.0,0,0
M-002188,C:/Users/dssar/Estudo/USP/Pesquisa/Base de Dados/Suporte/Projetos/Pr02 - Atom,src/atom-environment.js,1577,1580,4,1,0,0,0,1,1,0.0,0,0
M-002192,C:/Users/dssar/Estudo/USP/Pesquisa/Base de Dados/Suporte/Projetos/Pr02 - Atom,src/atom-environment.js,1606,1741,136,23,5,5,5,1,4,3.5,1,1
M-002194,C:/Users/dssar/Estudo/USP/Pesquisa/Base de Dados/Suporte/Projetos/Pr02 - Atom,src/auto-update-manager.js,4,8,5,1,0,0,0,1,1,0.0,0,0
M-002278,C:/Users/dssar/Estudo/USP/Pesquisa/Base de Dados/Suporte/Projetos/Pr02 - Atom,src/config-file.js,59,64,6,1,2,0,0,1,1,0.0,0,0
M-002294,C:/Users/dssar/Estudo/USP/Pesquisa/Base de Dados/Suporte/Projetos/Pr02 - Atom,src/config.js,779,836,58,13,4,0,0,2,1,0.0,0,1
M-002325,C:/Users/dssar/Estudo/USP/Pesquisa/Base de Dados/Suporte/Projetos/Pr02 - Atom,src/config.js,1304,1324,21,2,4,0,0,1,1,0.0,0,0
M-002331,C:/Users/dssar/Estudo/USP/Pesquisa/Base de Dados/Suporte/Projetos/Pr02 - Atom,src/config.js,1406,1411,6,1,1,0,0,3,1,0.0,0,0
M-002438,C:/Users/dssar/Estudo/USP/Pesquisa/Base de Dados/Suporte/Projetos/Pr02 - Atom,src/deserializer-manager.js,37,49,13,2,4,0,0,1,1,0.0,0,0
M-002507,C:/Users/dssar/Estudo/USP/Pesquisa/Base de Dados/Suporte/Projetos/Pr02 - Atom,src/dock.js,807,831,25,2,0,1,1,0,1,0.0,0,0
M-002657,C:/Users/dssar/Estudo/USP/Pesquisa/Base de Dados/Suporte/Projetos/Pr02 - Atom,src/main-process/application-menu.js,100,104,5,4,2,0,0,1,1,0.0,0,0
M-002692,C:/Users/dssar/Estudo/USP/Pesquisa/Base de Dados/Suporte/Projetos/Pr02 - Atom,src/main-process/atom-application.js,1266,1434,169,23,5,3,3,1,1,0.0,1,1
M-002720,C:/Users/dssar/Estudo/USP/Pesquisa/Base de Dados/Suporte/Projetos/Pr02 - Atom,src/main-process/atom-protocol-handler.js,17,29,13,2,1,0,0,2,1,0.0,0,0
M-002722,C:/Users/dssar/Estudo/USP/Pesquisa/Base de Dados/Suporte/Projetos/Pr02 - Atom,src/main-process/atom-window.js,20,175,156,18,2,4,4,3,1,0.0,1,1
M-002727,C:/Users/dssar/Estudo/USP/Pesquisa/Base de Dados/Suporte/Projetos/Pr02 - Atom,src/main-process/atom-window.js,206,276,71,2,3,0,0,0,1,0.0,0,0
M-002997,C:/Users/dssar/Estudo/USP/Pesquisa/Base de Dados/Suporte/Projetos/Pr02 - Atom,src/package.js,623,650,28,7,3,0,0,0,1,0.0,0,0
M-003008,C:/Users/dssar/Estudo/USP/Pesquisa/Base de Dados/Suporte/Projetos/Pr02 - Atom,src/package.js,966,969,4,2,0,1,1,0,1,0.0,0,0
M-003048,C:/Users/dssar/Estudo/USP/Pesquisa/Base de Dados/Suporte/Projetos/Pr02 - Atom,src/pane-axis.js,14,30,17,4,3,0,0,2,1,0.0,0,0
M-003160,C:/Users/dssar/Estudo/USP/Pesquisa/Base de Dados/Suporte/Projetos/Pr02 - Atom,src/pane.js,25,59,35,6,2,3,3,2,1,0.0,0,0
M-003354,C:/Users/dssar/Estudo/USP/Pesquisa/Base de Dados/Suporte/Projetos/Pr02 - Atom,src/project.js,690,693,4,2,0,1,1,1,1,0.0,0,0
M-003394,C:/Users/dssar/Estudo/USP/Pesquisa/Base de Dados/Suporte/Projetos/Pr02 - Atom,src/ripgrep-directory-searcher.js,221,364,144,13,9,6,6,4,1,0.0,1,1
M-003395,C:/Users/dssar/Estudo/USP/Pesquisa/Base de Dados/Suporte/Projetos/Pr02 - Atom,src/ripgrep-directory-searcher.js,369,403,35,7,3,1,1,2,1,0.0,0,0
M-003403,C:/Users/dssar/Estudo/USP/Pesquisa/Base de Dados/Suporte/Projetos/Pr02 - Atom,src/scope-descriptor.js,71,82,12,4,3,0,0,1,1,0.0,0,0
M-003410,C:/Users/dssar/Estudo/USP/Pesquisa/Base de Dados/Suporte/Projetos/Pr02 - Atom,src/selection.js,76,81,6,1,0,0,0,2,1,0.0,0,0
M-003454,C:/Users/dssar/Estudo/USP/Pesquisa/Base de Dados/Suporte/Projetos/Pr02 - Atom,src/selection.js,501,587,87,22,2,8,8,2,1,0.0,1,1
M-003496,C:/Users/dssar/Estudo/USP/Pesquisa/Base de Dados/Suporte/Projetos/Pr02 - Atom,src/state-store.js,52,66,15,1,4,0,0,2,3,3.0,0,0
M-003559,C:/Users/dssar/Estudo/USP/Pesquisa/Base de Dados/Suporte/Projetos/Pr02 - Atom,src/text-editor-component.js,638,721,84,3,4,2,2,0,1,0.0,0,0
M-003583,C:/Users/dssar/Estudo/USP/Pesquisa/Base de Dados/Suporte/Projetos/Pr02 - Atom,src/text-editor-component.js,1348,1461,114,27,8,3,3,0,1,0.0,1,1
M-003588,C:/Users/dssar/Estudo/USP/Pesquisa/Base de Dados/Suporte/Projetos/Pr02 - Atom,src/text-editor-component.js,1529,1568,40,6,2,9,9,1,1,0.0,0,0
M-003612,C:/Users/dssar/Estudo/USP/Pesquisa/Base de Dados/Suporte/Projetos/Pr02 - Atom,src/text-editor-component.js,1939,2045,107,26,4,11,11,1,1,0.0,1,1
M-003667,C:/Users/dssar/Estudo/USP/Pesquisa/Base de Dados/Suporte/Projetos/Pr02 - Atom,src/text-editor-component.js,3011,3015,5,1,0,0,0,0,1,0.0,0,0
M-003685,C:/Users/dssar/Estudo/USP/Pesquisa/Base de Dados/Suporte/Projetos/Pr02 - Atom,src/text-editor-component.js,3149,3157,9,2,1,0,0,0,1,0.0,0,0
M-003725,C:/Users/dssar/Estudo/USP/Pesquisa/Base de Dados/Suporte/Projetos/Pr02 - Atom,src/text-editor-component.js,3668,3807,140,14,7,15,15,0,1,0.0,1,1
M-003750,C:/Users/dssar/Estudo/USP/Pesquisa/Base de Dados/Suporte/Projetos/Pr02 - Atom,src/text-editor-component.js,4285,4418,134,12,6,12,12,2,1,0.0,1,1
M-003760,C:/Users/dssar/Estudo/USP/Pesquisa/Base de Dados/Suporte/Projetos/Pr02 - Atom,src/text-editor-component.js,4730,4740,11,1,0,0,0,1,1,0.0,0,0
M-003825,C:/Users/dssar/Estudo/USP/Pesquisa/Base de Dados/Suporte/Projetos/Pr02 - Atom,src/text-editor-element.js,309,313,5,2,0,0,0,0,1,0.0,0,0
M-003845,C:/Users/dssar/Estudo/USP/Pesquisa/Base de Dados/Suporte/Projetos/Pr02 - Atom,src/text-editor-registry.js,146,149,4,1,0,0,0,1,1,0.0,0,0
M-003857,C:/Users/dssar/Estudo/USP/Pesquisa/Base de Dados/Suporte/Projetos/Pr02 - Atom,src/text-editor.js,85,90,6,2,1,0,0,0,1,0.0,0,0
M-003861,C:/Users/dssar/Estudo/USP/Pesquisa/Base de Dados/Suporte/Projetos/Pr02 - Atom,src/text-editor.js,137,317,181,35,3,2,2,1,1,0.0,1,1
M-003870,C:/Users/dssar/Estudo/USP/Pesquisa/Base de Dados/Suporte/Projetos/Pr02 - Atom,src/text-editor.js,392,527,136,32,4,1,1,1,1,0.0,1,1
M-003982,C:/Users/dssar/Estudo/USP/Pesquisa/Base de Dados/Suporte/Projetos/Pr02 - Atom,src/text-editor.js,1572,1575,4,2,0,1,1,1,1,0.0,0,0
M-004080,C:/Users/dssar/Estudo/USP/Pesquisa/Base de Dados/Suporte/Projetos/Pr02 - Atom,src/text-editor.js,3261,3265,5,1,1,0,0,1,1,0.0,0,0
M-004161,C:/Users/dssar/Estudo/USP/Pesquisa/Base de Dados/Suporte/Projetos/Pr02 - Atom,src/text-editor.js,4095,4098,4,1,0,0,0,1,1,0.0,0,0
M-004193,C:/Users/dssar/Estudo/USP/Pesquisa/Base de Dados/Suporte/Projetos/Pr02 - Atom,src/text-editor.js,4489,4494,6,3,0,1,1,0,1,0.0,0,0
M-004248,C:/Users/dssar/Estudo/USP/Pesquisa/Base de Dados/Suporte/Projetos/Pr02 - Atom,src/text-editor.js,5152,5158,7,2,1,0,0,0,1,0.0,0,0
M-004272,C:/Users/dssar/Estudo/USP/Pesquisa/Base de Dados/Suporte/Projetos/Pr02 - Atom,src/text-editor.js,5342,5374,33,9,2,0,0,4,1,0.0,0,1
M-004311,C:/Users/dssar/Estudo/USP/Pesquisa/Base de Dados/Suporte/Projetos/Pr02 - Atom,src/text-editor.js,5629,5767,139,22,7,1,1,3,3,3.0,1,1
M-004371,C:/Users/dssar/Estudo/USP/Pesquisa/Base de Dados/Suporte/Projetos/Pr02 - Atom,src/text-mate-language-mode.js,842,846,5,1,0,0,0,1,1,0.0,0,0
M-004376,C:/Users/dssar/Estudo/USP/Pesquisa/Base de Dados/Suporte/Projetos/Pr02 - Atom,src/text-mate-language-mode.js,939,979,41,9,6,0,0,0,1,0.0,0,1
M-004419,C:/Users/dssar/Estudo/USP/Pesquisa/Base de Dados/Suporte/Projetos/Pr02 - Atom,src/title-bar.js,2,21,20,1,1,0,0,1,1,0.0,0,0
M-004475,C:/Users/dssar/Estudo/USP/Pesquisa/Base de Dados/Suporte/Projetos/Pr02 - Atom,src/tree-sitter-language-mode.js,339,352,14,4,2,1,1,2,1,0.0,0,0
M-004497,C:/Users/dssar/Estudo/USP/Pesquisa/Base de Dados/Suporte/Projetos/Pr02 - Atom,src/tree-sitter-language-mode.js,833,936,104,17,8,3,3,2,3,3.0,1,1
M-004561,C:/Users/dssar/Estudo/USP/Pesquisa/Base de Dados/Suporte/Projetos/Pr02 - Atom,src/window-event-handler.js,157,160,4,1,0,0,0,1,1,0.0,0,0
M-004562,C:/Users/dssar/Estudo/USP/Pesquisa/Base de Dados/Suporte/Projetos/Pr02 - Atom,src/window-event-handler.js,162,166,5,1,0,0,0,1,1,0.0,0,0
M-004686,C:/Users/dssar/Estudo/USP/Pesquisa/Base de Dados/Suporte/Projetos/Pr02 - Atom,src/workspace.js,958,961,4,1,0,0,0,1,1,0.0,0,0
M-004692,C:/Users/dssar/Estudo/USP/Pesquisa/Base de Dados/Suporte/Projetos/Pr02 - Atom,src/workspace.js,1077,1249,173,53,4,0,0,2,1,0.0,1,1
M-004809,C:/Users/dssar/Estudo/USP/Pesquisa/Base de Dados/Suporte/Projetos/Pr03 - Chart.js,src/controllers/controller.line.js,35,39,5,1,0,0,0,0,1,0.0,0,0
M-004818,C:/Users/dssar/Estudo/USP/Pesquisa/Base de Dados/Suporte/Projetos/Pr03 - Chart.js,src/controllers/controller.polarArea.js,121,140,20,1,4,2,2,0,1,0.0,0,0
M-004828,C:/Users/dssar/Estudo/USP/Pesquisa/Base de Dados/Suporte/Projetos/Pr03 - Chart.js,src/controllers/controller.scatter.js,56,99,44,5,2,3,3,1,1,0.0,0,0
M-004831,C:/Users/dssar/Estudo/USP/Pesquisa/Base de Dados/Suporte/Projetos/Pr03 - Chart.js,src/controllers/controller.scatter.js,156,178,23,8,3,6,6,0,1,0.0,0,0
M-004839,C:/Users/dssar/Estudo/USP/Pesquisa/Base de Dados/Suporte/Projetos/Pr03 - Chart.js,src/core/core.animations.js,7,11,5,1,0,0,0,2,1,0.0,0,0
M-004874,C:/Users/dssar/Estudo/USP/Pesquisa/Base de Dados/Suporte/Projetos/Pr03 - Chart.js,src/core/core.config.js,351,367,17,4,2,3,3,4,1,0.0,0,0
M-004894,C:/Users/dssar/Estudo/USP/Pesquisa/Base de Dados/Suporte/Projetos/Pr03 - Chart.js,src/core/core.controller.js,433,473,41,9,3,2,2,0,1,0.0,0,0
M-004912,C:/Users/dssar/Estudo/USP/Pesquisa/Base de Dados/Suporte/Projetos/Pr03 - Chart.js,src/core/core.controller.js,843,850,8,2,1,1,1,4,1,0.0,0,0
M-004925,C:/Users/dssar/Estudo/USP/Pesquisa/Base de Dados/Suporte/Projetos/Pr03 - Chart.js,src/core/core.controller.js,960,978,19,2,1,2,2,0,1,0.0,0,0
M-004927,C:/Users/dssar/Estudo/USP/Pesquisa/Base de Dados/Suporte/Projetos/Pr03 - Chart.js,src/core/core.controller.js,987,994,8,2,1,0,0,0,1,0.0,0,0
M-004940,C:/Users/dssar/Estudo/USP/Pesquisa/Base de Dados/Suporte/Projetos/Pr03 - Chart.js,src/core/core.datasetController.js,245,268,24,1,0,0,0,2,1,0.0,0,0
M-004970,C:/Users/dssar/Estudo/USP/Pesquisa/Base de Dados/Suporte/Projetos/Pr03 - Chart.js,src/core/core.datasetController.js,750,770,21,5,1,1,1,3,1,0.0,0,0
M-004985,C:/Users/dssar/Estudo/USP/Pesquisa/Base de Dados/Suporte/Projetos/Pr03 - Chart.js,src/core/core.datasetController.js,950,977,28,5,2,5,5,1,1,0.0,0,0
M-004989,C:/Users/dssar/Estudo/USP/Pesquisa/Base de Dados/Suporte/Projetos/Pr03 - Chart.js,src/core/core.datasetController.js,1029,1037,9,2,1,0,0,1,1,0.0,0,0
M-005006,C:/Users/dssar/Estudo/USP/Pesquisa/Base de Dados/Suporte/Projetos/Pr03 - Chart.js,src/core/core.plugins.js,84,94,11,2,1,1,1,1,1,0.0,0,0
M-005028,C:/Users/dssar/Estudo/USP/Pesquisa/Base de Dados/Suporte/Projetos/Pr03 - Chart.js,src/core/core.scale.js,171,250,80,1,0,0,0,1,1,0.0,0,0
M-005037,C:/Users/dssar/Estudo/USP/Pesquisa/Base de Dados/Suporte/Projetos/Pr03 - Chart.js,src/core/core.scale.js,373,376,4,1,0,0,0,0,1,0.0,0,0
M-005074,C:/Users/dssar/Estudo/USP/Pesquisa/Base de Dados/Suporte/Projetos/Pr03 - Chart.js,src/core/core.scale.js,934,937,4,2,0,1,1,1,1,0.0,0,0
M-005076,C:/Users/dssar/Estudo/USP/Pesquisa/Base de Dados/Suporte/Projetos/Pr03 - Chart.js,src/core/core.scale.js,951,957,7,5,0,2,2,0,1,0.0,0,0
M-005080,C:/Users/dssar/Estudo/USP/Pesquisa/Base de Dados/Suporte/Projetos/Pr03 - Chart.js,src/core/core.scale.js,1014,1143,130,18,3,18,18,1,1,0.0,1,1
M-005081,C:/Users/dssar/Estudo/USP/Pesquisa/Base de Dados/Suporte/Projetos/Pr03 - Chart.js,src/core/core.scale.js,1148,1323,176,38,5,16,16,1,1,0.0,1,1
M-005088,C:/Users/dssar/Estudo/USP/Pesquisa/Base de Dados/Suporte/Projetos/Pr03 - Chart.js,src/core/core.scale.js,1516,1546,31,4,1,8,8,0,1,0.0,0,0
M-005090,C:/Users/dssar/Estudo/USP/Pesquisa/Base de Dados/Suporte/Projetos/Pr03 - Chart.js,src/core/core.scale.js,1582,1613,32,6,2,11,11,0,1,0.0,0,0
M-005092,C:/Users/dssar/Estudo/USP/Pesquisa/Base de Dados/Suporte/Projetos/Pr03 - Chart.js,src/core/core.scale.js,1631,1665,35,7,3,4,4,0,1,0.0,0,1
M-005101,C:/Users/dssar/Estudo/USP/Pesquisa/Base de Dados/Suporte/Projetos/Pr03 - Chart.js,src/elements/element.bar.js,164,177,14,2,1,0,0,1,1,0.0,0,0
M-005146,C:/Users/dssar/Estudo/USP/Pesquisa/Base de Dados/Suporte/Projetos/Pr03 - Chart.js,src/plugins/plugin.legend.js,230,263,34,7,4,6,6,0,1,0.0,0,0
M-005157,C:/Users/dssar/Estudo/USP/Pesquisa/Base de Dados/Suporte/Projetos/Pr03 - Chart.js,src/plugins/plugin.title.js,59,82,24,3,2,6,6,1,1,0.0,0,0
M-005171,C:/Users/dssar/Estudo/USP/Pesquisa/Base de Dados/Suporte/Projetos/Pr03 - Chart.js,src/plugins/plugin.tooltip.js,692,747,56,6,2,12,12,3,1,0.0,0,1
M-005175,C:/Users/dssar/Estudo/USP/Pesquisa/Base de Dados/Suporte/Projetos/Pr03 - Chart.js,src/plugins/plugin.tooltip.js,928,952,25,3,3,2,2,3,1,0.0,0,0
M-005205,C:/Users/dssar/Estudo/USP/Pesquisa/Base de Dados/Suporte/Projetos/Pr03 - Chart.js,src/scales/scale.linearbase.js,244,288,45,5,1,5,5,0,1,0.0,0,0
M-005225,C:/Users/dssar/Estudo/USP/Pesquisa/Base de Dados/Suporte/Projetos/Pr03 - Chart.js,src/scales/scale.radialLinear.js,489,500,12,3,1,1,1,1,1,0.0,0,0
M-005240,C:/Users/dssar/Estudo/USP/Pesquisa/Base de Dados/Suporte/Projetos/Pr03 - Chart.js,src/scales/scale.time.js,302,309,8,1,0,0,0,0,1,0.0,0,0
M-005258,C:/Users/dssar/Estudo/USP/Pesquisa/Base de Dados/Suporte/Projetos/Pr03 - Chart.js,src/scales/scale.time.js,671,674,4,1,0,0,0,1,1,0.0,0,0
M-005259,C:/Users/dssar/Estudo/USP/Pesquisa/Base de Dados/Suporte/Projetos/Pr03 - Chart.js,src/scales/scale.timeseries.js,46,55,10,1,0,0,0,1,1,0.0,0,0
M-005266,C:/Users/dssar/Estudo/USP/Pesquisa/Base de Dados/Suporte/Projetos/Pr04 - JsPaint,lib/anypalette-0.6.0.js,9357,9485,129,32,6,22,22,1,1,0.0,1,1
M-005316,C:/Users/dssar/Estudo/USP/Pesquisa/Base de Dados/Suporte/Projetos/Pr04 - JsPaint,lib/pdf.js/web/viewer.js,3955,3973,19,1,2,0,0,1,1,0.0,0,0
M-005335,C:/Users/dssar/Estudo/USP/Pesquisa/Base de Dados/Suporte/Projetos/Pr04 - JsPaint,lib/pdf.js/web/viewer.js,4437,4443,7,3,1,0,0,1,1,0.0,0,0
M-005364,C:/Users/dssar/Estudo/USP/Pesquisa/Base de Dados/Suporte/Projetos/Pr04 - JsPaint,lib/pdf.js/web/viewer.js,4968,4975,8,1,0,0,0,0,1,0.0,0,0
M-005370,C:/Users/dssar/Estudo/USP/Pesquisa/Base de Dados/Suporte/Projetos/Pr04 - JsPaint,lib/pdf.js/web/viewer.js,5107,5158,52,1,4,0,0,3,1,0.0,0,0
M-005375,C:/Users/dssar/Estudo/USP/Pesquisa/Base de Dados/Suporte/Projetos/Pr04 - JsPaint,lib/pdf.js/web/viewer.js,5238,5250,13,2,1,0,0,0,1,0.0,0,0
M-005386,C:/Users/dssar/Estudo/USP/Pesquisa/Base de Dados/Suporte/Projetos/Pr04 - JsPaint,lib/pdf.js/web/viewer.js,5426,5484,59,5,5,1,1,2,1,0.0,0,0
M-005426,C:/Users/dssar/Estudo/USP/Pesquisa/Base de Dados/Suporte/Projetos/Pr04 - JsPaint,lib/pdf.js/web/viewer.js,6562,6623,62,8,3,3,3,1,1,0.0,0,0
M-005436,C:/Users/dssar/Estudo/USP/Pesquisa/Base de Dados/Suporte/Projetos/Pr04 - JsPaint,lib/pdf.js/web/viewer.js,6808,6814,7,2,1,0,0,0,1,0.0,0,0
M-005454,C:/Users/dssar/Estudo/USP/Pesquisa/Base de Dados/Suporte/Projetos/Pr04 - JsPaint,lib/pdf.js/web/viewer.js,7094,7186,93,28,5,0,0,1,1,0.0,1,1
M-005455,C:/Users/dssar/Estudo/USP/Pesquisa/Base de Dados/Suporte/Projetos/Pr04 - JsPaint,lib/pdf.js/web/viewer.js,7188,7228,41,9,2,0,0,1,1,0.0,0,0
M-005460,C:/Users/dssar/Estudo/USP/Pesquisa/Base de Dados/Suporte/Projetos/Pr04 - JsPaint,lib/pdf.js/web/viewer.js,7327,7332,6,1,0,0,0,0,1,0.0,0,0
M-005482,C:/Users/dssar/Estudo/USP/Pesquisa/Base de Dados/Suporte/Projetos/Pr04 - JsPaint,lib/pdf.js/web/viewer.js,7521,7581,61,8,5,2,2,1,1,0.0,0,0
M-005483,C:/Users/dssar/Estudo/USP/Pesquisa/Base de Dados/Suporte/Projetos/Pr04 - JsPaint,lib/pdf.js/web/viewer.js,7583,7621,39,9,3,1,1,0,1,0.0,0,0
M-005486,C:/Users/dssar/Estudo/USP/Pesquisa/Base de Dados/Suporte/Projetos/Pr04 - JsPaint,lib/pdf.js/web/viewer.js,7741,7767,27,7,1,0,0,0,1,0.0,0,0
M-005498,C:/Users/dssar/Estudo/USP/Pesquisa/Base de Dados/Suporte/Projetos/Pr04 - JsPaint,lib/pdf.js/web/viewer.js,7945,7948,4,1,0,0,0,0,1,0.0,0,0
M-005541,C:/Users/dssar/Estudo/USP/Pesquisa/Base de Dados/Suporte/Projetos/Pr04 - JsPaint,lib/pdf.js/web/viewer.js,8769,8777,9,2,2,0,0,0,1,0.0,0,0
M-005543,C:/Users/dssar/Estudo/USP/Pesquisa/Base de Dados/Suporte/Projetos/Pr04 - JsPaint,lib/pdf.js/web/viewer.js,8791,8862,72,1,5,1,1,0,1,0.0,0,0
M-005546,C:/Users/dssar/Estudo/USP/Pesquisa/Base de Dados/Suporte/Projetos/Pr04 - JsPaint,lib/pdf.js/web/viewer.js,8904,8922,19,4,1,1,1,1,1,0.0,0,0
M-005625,C:/Users/dssar/Estudo/USP/Pesquisa/Base de Dados/Suporte/Projetos/Pr04 - JsPaint,lib/pdf.js/web/viewer.js,10759,10776,18,7,1,1,1,1,1,0.0,0,0
M-005643,C:/Users/dssar/Estudo/USP/Pesquisa/Base de Dados/Suporte/Projetos/Pr04 - JsPaint,lib/pdf.js/web/viewer.js,11054,11184,131,31,8,0,0,2,1,0.0,1,1
M-005644,C:/Users/dssar/Estudo/USP/Pesquisa/Base de Dados/Suporte/Projetos/Pr04 - JsPaint,lib/pdf.js/web/viewer.js,11186,11197,12,3,1,3,3,0,1,0.0,0,0
M-005660,C:/Users/dssar/Estudo/USP/Pesquisa/Base de Dados/Suporte/Projetos/Pr04 - JsPaint,lib/pdf.js/web/viewer.js,11729,11796,68,13,2,5,5,2,1,0.0,0,0
M-005693,C:/Users/dssar/Estudo/USP/Pesquisa/Base de Dados/Suporte/Projetos/Pr04 - JsPaint,lib/pdf.js/web/viewer.js,12807,12825,19,1,3,0,0,1,1,0.0,0,0
M-005701,C:/Users/dssar/Estudo/USP/Pesquisa/Base de Dados/Suporte/Projetos/Pr04 - JsPaint,lib/pdf.js/web/viewer.js,12911,12917,7,1,0,0,0,0,1,0.0,0,0
M-005702,C:/Users/dssar/Estudo/USP/Pesquisa/Base de Dados/Suporte/Projetos/Pr04 - JsPaint,lib/pdf.js/web/viewer.js,12919,12949,31,5,2,3,3,0,1,0.0,0,0
M-005711,C:/Users/dssar/Estudo/USP/Pesquisa/Base de Dados/Suporte/Projetos/Pr04 - JsPaint,lib/pdf.js/web/viewer.js,13026,13073,48,1,0,0,0,3,1,0.0,0,0
M-005712,C:/Users/dssar/Estudo/USP/Pesquisa/Base de Dados/Suporte/Projetos/Pr04 - JsPaint,lib/pdf.js/web/viewer.js,13075,13080,6,1,0,0,0,2,1,0.0,0,0
M-005720,C:/Users/dssar/Estudo/USP/Pesquisa/Base de Dados/Suporte/Projetos/Pr04 - JsPaint,lib/pdf.js/web/viewer.js,13289,13322,34,1,6,0,0,2,1,0.0,0,1
M-005726,C:/Users/dssar/Estudo/USP/Pesquisa/Base de Dados/Suporte/Projetos/Pr04 - JsPaint,lib/pdf.js/web/viewer.js,13355,13365,11,3,2,1,1,1,1,0.0,0,0
M-005732,C:/Users/dssar/Estudo/USP/Pesquisa/Base de Dados/Suporte/Projetos/Pr04 - JsPaint,lib/pdf.js/web/viewer.js,13422,13426,5,1,0,0,0,1,1,0.0,0,0
M-005743,C:/Users/dssar/Estudo/USP/Pesquisa/Base de Dados/Suporte/Projetos/Pr04 - JsPaint,lib/pdf.js/web/viewer.js,13619,13650,32,5,3,2,2,3,1,0.0,0,0
M-005750,C:/Users/dssar/Estudo/USP/Pesquisa/Base de Dados/Suporte/Projetos/Pr04 - JsPaint,lib/pdf.js/web/viewer.js,14582,14586,5,1,2,0,0,1,1,0.0,0,0
M-005757,C:/Users/dssar/Estudo/USP/Pesquisa/Base de Dados/Suporte/Projetos/Pr04 - JsPaint,lib/tracky-mouse/tracky-mouse.js,323,333,11,1,0,0,0,0,1,0.0,0,0
M-005769,C:/Users/dssar/Estudo/USP/Pesquisa/Base de Dados/Suporte/Projetos/Pr04 - JsPaint,src/OnCanvasSelection.js,24,27,4,1,0,0,0,0,1,0.0,0,0
M-005770,C:/Users/dssar/Estudo/USP/Pesquisa/Base de Dados/Suporte/Projetos/Pr04 - JsPaint,src/OnCanvasSelection.js,28,146,119,1,7,1,1,1,1,0.0,0,1
M-005771,C:/Users/dssar/Estudo/USP/Pesquisa/Base de Dados/Suporte/Projetos/Pr04 - JsPaint,src/OnCanvasSelection.js,147,203,57,5,3,4,4,0,1,0.0,0,0
M-005814,C:/Users/dssar/Estudo/USP/Pesquisa/Base de Dados/Suporte/Projetos/Pr05 - Xeokit-SDK,src/extras/ContextMenu/ContextMenu.js,610,784,175,17,10,5,5,1,1,0.0,1,1
M-005823,C:/Users/dssar/Estudo/USP/Pesquisa/Base de Dados/Suporte/Projetos/Pr05 - Xeokit-SDK,src/plugins/AngleMeasurementsPlugin/AngleMeasurement.js,187,312,126,23,3,14,14,0,1,0.0,1,1
M-005829,C:/Users/dssar/Estudo/USP/Pesquisa/Base de Dados/Suporte/Projetos/Pr05 - Xeokit-SDK,src/plugins/AngleMeasurementsPlugin/AngleMeasurement.js,375,378,4,1,0,0,0,0,1,0.0,0,0
M-005894,C:/Users/dssar/Estudo/USP/Pesquisa/Base de Dados/Suporte/Projetos/Pr05 - Xeokit-SDK,src/plugins/BCFViewpointsPlugin/BCFViewpointsPlugin.js,356,575,220,20,5,18,18,1,3,3.0,1,1
M-005896,C:/Users/dssar/Estudo/USP/Pesquisa/Base de Dados/Suporte/Projetos/Pr05 - Xeokit-SDK,src/plugins/BCFViewpointsPlugin/BCFViewpointsPlugin.js,620,854,235,24,8,8,8,2,1,0.0,1,1
M-005901,C:/Users/dssar/Estudo/USP/Pesquisa/Base de Dados/Suporte/Projetos/Pr05 - Xeokit-SDK,src/plugins/CityJSONLoaderPlugin/CityJSONLoaderPlugin.js,125,130,6,1,0,0,0,2,1,0.0,0,0
M-005909,C:/Users/dssar/Estudo/USP/Pesquisa/Base de Dados/Suporte/Projetos/Pr05 - Xeokit-SDK,src/plugins/CityJSONLoaderPlugin/CityJSONLoaderPlugin.js,316,396,81,15,10,3,3,3,1,0.0,1,1
M-006036,C:/Users/dssar/Estudo/USP/Pesquisa/Base de Dados/Suporte/Projetos/Pr05 - Xeokit-SDK,src/plugins/GLTFLoaderPlugin/GLTFDefaultDataSource.js,20,28,9,1,2,0,0,3,1,0.0,0,0
M-006094,C:/Users/dssar/Estudo/USP/Pesquisa/Base de Dados/Suporte/Projetos/Pr05 - Xeokit-SDK,src/plugins/lib/html/Label.js,132,142,11,3,1,0,0,1,1,0.0,0,0
M-006143,C:/Users/dssar/Estudo/USP/Pesquisa/Base de Dados/Suporte/Projetos/Pr05 - Xeokit-SDK,src/plugins/SectionPlanesPlugin/Control.js,1293,1296,4,1,0,0,0,0,1,0.0,0,0
M-006235,C:/Users/dssar/Estudo/USP/Pesquisa/Base de Dados/Suporte/Projetos/Pr05 - Xeokit-SDK,src/plugins/TreeViewPlugin/TreeViewPlugin.js,1065,1070,6,2,2,1,1,0,1,0.0,0,0
M-006243,C:/Users/dssar/Estudo/USP/Pesquisa/Base de Dados/Suporte/Projetos/Pr05 - Xeokit-SDK,src/plugins/TreeViewPlugin/TreeViewPlugin.js,1258,1293,36,8,8,3,3,0,1,0.0,0,1
M-006345,C:/Users/dssar/Estudo/USP/Pesquisa/Base de Dados/Suporte/Projetos/Pr05 - Xeokit-SDK,src/viewer/metadata/MetaScene.js,310,408,99,25,7,1,1,1,1,0.0,1,1
M-006434,C:/Users/dssar/Estudo/USP/Pesquisa/Base de Dados/Suporte/Projetos/Pr05 - Xeokit-SDK,src/viewer/scene/camera/CameraFlightAnimation.js,168,338,171,45,5,3,3,3,1,0.0,1,1
M-006436,C:/Users/dssar/Estudo/USP/Pesquisa/Base de Dados/Suporte/Projetos/Pr05 - Xeokit-SDK,src/viewer/scene/camera/CameraFlightAnimation.js,361,453,93,28,3,8,8,1,1,0.0,1,1
M-006462,C:/Users/dssar/Estudo/USP/Pesquisa/Base de Dados/Suporte/Projetos/Pr05 - Xeokit-SDK,src/viewer/scene/camera/CameraPath.js,150,155,6,3,0,0,0,4,1,0.0,0,0
M-006534,C:/Users/dssar/Estudo/USP/Pesquisa/Base de Dados/Suporte/Projetos/Pr05 - Xeokit-SDK,src/viewer/scene/CameraControl/CameraControl.js,963,976,14,7,1,0,0,1,1,0.0,0,0
M-006544,C:/Users/dssar/Estudo/USP/Pesquisa/Base de Dados/Suporte/Projetos/Pr05 - Xeokit-SDK,src/viewer/scene/CameraControl/CameraControl.js,1104,1107,4,1,0,0,0,0,1,0.0,0,0
M-006674,C:/Users/dssar/Estudo/USP/Pesquisa/Base de Dados/Suporte/Projetos/Pr05 - Xeokit-SDK,src/viewer/scene/Component.js,478,482,5,1,0,0,0,1,1,0.0,0,0
M-006675,C:/Users/dssar/Estudo/USP/Pesquisa/Base de Dados/Suporte/Projetos/Pr05 - Xeokit-SDK,src/viewer/scene/Component.js,507,723,217,37,6,7,7,1,1,0.0,1,1
M-006845,C:/Users/dssar/Estudo/USP/Pesquisa/Base de Dados/Suporte/Projetos/Pr05 - Xeokit-SDK,src/viewer/scene/lights/PointLight.js,283,286,4,2,0,0,0,1,1,0.0,0,0
M-006923,C:/Users/dssar/Estudo/USP/Pesquisa/Base de Dados/Suporte/Projetos/Pr05 - Xeokit-SDK,src/viewer/scene/materials/EdgeMaterial.js,201,208,8,2,1,0,0,1,1,0.0,0,0
M-007182,C:/Users/dssar/Estudo/USP/Pesquisa/Base de Dados/Suporte/Projetos/Pr05 - Xeokit-SDK,src/viewer/scene/mesh/Mesh.js,220,359,140,20,2,1,1,2,1,0.0,1,1
M-007191,C:/Users/dssar/Estudo/USP/Pesquisa/Base de Dados/Suporte/Projetos/Pr05 - Xeokit-SDK,src/viewer/scene/mesh/Mesh.js,457,463,7,2,0,0,0,1,1,0.0,0,0
M-007300,C:/Users/dssar/Estudo/USP/Pesquisa/Base de Dados/Suporte/Projetos/Pr05 - Xeokit-SDK,src/viewer/scene/mesh/shadow/ShadowShaderSource.js,5,8,4,1,0,0,0,1,1,0.0,0,0
M-007309,C:/Users/dssar/Estudo/USP/Pesquisa/Base de Dados/Suporte/Projetos/Pr05 - Xeokit-SDK,src/viewer/scene/metriqs/Metriqs.js,236,240,5,1,0,0,0,2,1,0.0,0,0
M-007343,C:/Users/dssar/Estudo/USP/Pesquisa/Base de Dados/Suporte/Projetos/Pr05 - Xeokit-SDK,src/viewer/scene/model/dtx/triangles/renderers/TrianglesDataTextureColorQualityRenderer.js,299,423,125,15,2,6,6,0,1,0.0,1,1
M-007344,C:/Users/dssar/Estudo/USP/Pesquisa/Base de Dados/Suporte/Projetos/Pr05 - Xeokit-SDK,src/viewer/scene/model/dtx/triangles/renderers/TrianglesDataTextureColorQualityRenderer.js,425,803,379,43,4,7,7,0,1,0.0,1,1
M-007355,C:/Users/dssar/Estudo/USP/Pesquisa/Base de Dados/Suporte/Projetos/Pr05 - Xeokit-SDK,src/viewer/scene/model/dtx/triangles/renderers/TrianglesDataTextureColorRenderer.js,512,595,84,9,3,4,4,0,1,0.0,0,0
M-007439,C:/Users/dssar/Estudo/USP/Pesquisa/Base de Dados/Suporte/Projetos/Pr05 - Xeokit-SDK,src/viewer/scene/model/dtx/triangles/renderers/TrianglesDataTexturePickNormalsFlatRenderer.js,245,288,44,4,2,3,3,0,1,0.0,0,1
M-007532,C:/Users/dssar/Estudo/USP/Pesquisa/Base de Dados/Suporte/Projetos/Pr05 - Xeokit-SDK,src/viewer/scene/model/dtx/triangles/TrianglesDataTextureLayer.js,1059,1094,36,4,1,2,2,2,1,0.0,0,0
M-007637,C:/Users/dssar/Estudo/USP/Pesquisa/Base de Dados/Suporte/Projetos/Pr05 - Xeokit-SDK,src/viewer/scene/model/SceneModel.js,2079,2162,84,42,3,0,0,1,1,0.0,1,1
M-007638,C:/Users/dssar/Estudo/USP/Pesquisa/Base de Dados/Suporte/Projetos/Pr05 - Xeokit-SDK,src/viewer/scene/model/SceneModel.js,2185,2303,119,41,7,2,2,1,1,0.0,1,1
M-007640,C:/Users/dssar/Estudo/USP/Pesquisa/Base de Dados/Suporte/Projetos/Pr05 - Xeokit-SDK,src/viewer/scene/model/SceneModel.js,2436,2691,256,104,4,2,2,1,1,0.0,1,1
M-007798,C:/Users/dssar/Estudo/USP/Pesquisa/Base de Dados/Suporte/Projetos/Pr05 - Xeokit-SDK,src/viewer/scene/model/vbo/linesBatching/LinesBatchingLayer.js,542,621,80,24,3,12,12,4,1,0.0,1,1
M-007984,C:/Users/dssar/Estudo/USP/Pesquisa/Base de Dados/Suporte/Projetos/Pr05 - Xeokit-SDK,src/viewer/scene/model/vbo/pointsInstancing/PointsInstancingRenderers.js,98,120,23,8,1,0,0,0,1,0.0,0,0
M-008014,C:/Users/dssar/Estudo/USP/Pesquisa/Base de Dados/Suporte/Projetos/Pr05 - Xeokit-SDK,src/viewer/scene/model/vbo/snapBatching/SnapBatchingDepthBufInitRenderer.js,26,139,114,17,6,12,12,3,1,0.0,1,1
M-008067,C:/Users/dssar/Estudo/USP/Pesquisa/Base de Dados/Suporte/Projetos/Pr05 - Xeokit-SDK,src/viewer/scene/model/vbo/trianglesBatching/renderers/TrianglesBatchingColorRenderer.js,16,154,139,20,4,5,5,0,1,0.0,1,1
M-008107,C:/Users/dssar/Estudo/USP/Pesquisa/Base de Dados/Suporte/Projetos/Pr05 - Xeokit-SDK,src/viewer/scene/model/vbo/trianglesBatching/TrianglesBatchingLayer.js,182,431,250,45,5,25,25,1,1,0.0,1,1
M-008108,C:/Users/dssar/Estudo/USP/Pesquisa/Base de Dados/Suporte/Projetos/Pr05 - Xeokit-SDK,src/viewer/scene/model/vbo/trianglesBatching/TrianglesBatchingLayer.js,437,538,102,24,4,3,3,0,1,0.0,1,1
M-008125,C:/Users/dssar/Estudo/USP/Pesquisa/Base de Dados/Suporte/Projetos/Pr05 - Xeokit-SDK,src/viewer/scene/model/vbo/trianglesBatching/TrianglesBatchingLayer.js,855,886,32,6,2,10,10,2,1,0.0,0,0
M-008228,C:/Users/dssar/Estudo/USP/Pesquisa/Base de Dados/Suporte/Projetos/Pr05 - Xeokit-SDK,src/viewer/scene/model/vbo/trianglesInstancing/TrianglesInstancingLayer.js,624,699,76,27,2,9,9,3,1,0.0,1,1
M-008283,C:/Users/dssar/Estudo/USP/Pesquisa/Base de Dados/Suporte/Projetos/Pr05 - Xeokit-SDK,src/viewer/scene/model/vbo/VBOSceneModelRenderers.js,118,248,131,15,3,5,5,0,1,0.0,1,1
M-008286,C:/Users/dssar/Estudo/USP/Pesquisa/Base de Dados/Suporte/Projetos/Pr05 - Xeokit-SDK,src/viewer/scene/model/vbo/VBOSceneModelRenderers.js,417,609,193,51,2,17,17,4,1,0.0,1,1
M-008324,C:/Users/dssar/Estudo/USP/Pesquisa/Base de Dados/Suporte/Projetos/Pr05 - Xeokit-SDK,src/viewer/scene/nodes/Node.js,571,577,7,2,2,0,0,1,1,0.0,0,0
M-008389,C:/Users/dssar/Estudo/USP/Pesquisa/Base de Dados/Suporte/Projetos/Pr05 - Xeokit-SDK,src/viewer/scene/paths/CubicBezierCurve.js,172,181,10,1,0,1,1,1,1,0.0,0,0
M-008399,C:/Users/dssar/Estudo/USP/Pesquisa/Base de Dados/Suporte/Projetos/Pr05 - Xeokit-SDK,src/viewer/scene/paths/Curve.js,111,134,24,7,2,5,5,1,1,0.0,0,0
M-008550,C:/Users/dssar/Estudo/USP/Pesquisa/Base de Dados/Suporte/Projetos/Pr05 - Xeokit-SDK,src/viewer/scene/scene/Scene.js,2267,2272,6,2,2,1,1,0,1,0.0,0,0
M-008553,C:/Users/dssar/Estudo/USP/Pesquisa/Base de Dados/Suporte/Projetos/Pr05 - Xeokit-SDK,src/viewer/scene/scene/Scene.js,2369,2375,7,1,2,0,0,2,1,0.0,0,0
M-008594,C:/Users/dssar/Estudo/USP/Pesquisa/Base de Dados/Suporte/Projetos/Pr05 - Xeokit-SDK,src/viewer/scene/utils/Loader.js,49,52,4,1,0,0,0,1,1,0.0,0,0
M-008641,C:/Users/dssar/Estudo/USP/Pesquisa/Base de Dados/Suporte/Projetos/Pr05 - Xeokit-SDK,src/viewer/scene/vfc/VFCState.js,136,157,22,6,3,0,0,2,1,0.0,0,0
M-008646,C:/Users/dssar/Estudo/USP/Pesquisa/Base de Dados/Suporte/Projetos/Pr05 - Xeokit-SDK,src/viewer/scene/vfc/VFCState.js,215,223,9,3,3,2,2,2,1,0.0,0,0
M-008716,C:/Users/dssar/Estudo/USP/Pesquisa/Base de Dados/Suporte/Projetos/Pr05 - Xeokit-SDK,src/viewer/scene/webgl/occlusion/OcclusionTester.js,192,226,35,5,1,3,3,0,1,0.0,0,0
M-008797,C:/Users/dssar/Estudo/USP/Pesquisa/Base de Dados/Suporte/Projetos/Pr05 - Xeokit-SDK,src/viewer/scene/webgl/Texture2D.js,203,310,108,22,4,7,7,1,1,0.0,1,1
M-008817,C:/Users/dssar/Estudo/USP/Pesquisa/Base de Dados/Suporte/Projetos/Pr05 - Xeokit-SDK,src/viewer/Viewer.js,419,506,88,21,5,10,10,1,1,0.0,1,1
M-008983,C:/Users/dssar/Estudo/USP/Pesquisa/Base de Dados/Suporte/Projetos/Pr06 - PlayCanvas,src/core/math/curve-set.js,114,123,10,2,2,1,1,2,1,0.0,0,0
M-009089,C:/Users/dssar/Estudo/USP/Pesquisa/Base de Dados/Suporte/Projetos/Pr06 - PlayCanvas,src/core/math/vec2.js,358,363,6,1,0,0,0,2,1,0.0,0,0
M-009167,C:/Users/dssar/Estudo/USP/Pesquisa/Base de Dados/Suporte/Projetos/Pr06 - PlayCanvas,src/core/preprocessor.js,124,301,178,27,7,2,2,2,1,0.0,1,1
M-009335,C:/Users/dssar/Estudo/USP/Pesquisa/Base de Dados/Suporte/Projetos/Pr06 - PlayCanvas,src/framework/anim/controller/anim-controller.js,525,606,82,21,7,1,1,1,1,0.0,1,1
M-009445,C:/Users/dssar/Estudo/USP/Pesquisa/Base de Dados/Suporte/Projetos/Pr06 - PlayCanvas,src/framework/anim/evaluator/anim-evaluator.js,197,284,88,15,6,4,4,2,1,0.0,1,1
M-009473,C:/Users/dssar/Estudo/USP/Pesquisa/Base de Dados/Suporte/Projetos/Pr06 - PlayCanvas,src/framework/anim/state-graph/anim-state-graph.js,22,126,105,12,9,0,0,1,1,0.0,0,1
M-009480,C:/Users/dssar/Estudo/USP/Pesquisa/Base de Dados/Suporte/Projetos/Pr06 - PlayCanvas,src/framework/app-base.js,258,614,357,20,5,3,3,1,1,0.0,1,1
M-009485,C:/Users/dssar/Estudo/USP/Pesquisa/Base de Dados/Suporte/Projetos/Pr06 - PlayCanvas,src/framework/app-base.js,662,665,4,1,0,0,0,0,1,0.0,0,0
M-009546,C:/Users/dssar/Estudo/USP/Pesquisa/Base de Dados/Suporte/Projetos/Pr06 - PlayCanvas,src/framework/asset/asset-list-loader.js,220,223,4,1,0,0,0,1,1,0.0,0,0
M-009761,C:/Users/dssar/Estudo/USP/Pesquisa/Base de Dados/Suporte/Projetos/Pr06 - PlayCanvas,src/framework/components/animation/component.js,142,173,32,7,5,2,2,1,1,0.0,0,0
M-009802,C:/Users/dssar/Estudo/USP/Pesquisa/Base de Dados/Suporte/Projetos/Pr06 - PlayCanvas,src/framework/components/audio-source/component.js,119,157,39,13,6,2,2,3,1,0.0,0,1
M-009943,C:/Users/dssar/Estudo/USP/Pesquisa/Base de Dados/Suporte/Projetos/Pr06 - PlayCanvas,src/framework/components/camera/component.js,678,695,18,4,2,1,1,1,1,0.0,0,0
M-009999,C:/Users/dssar/Estudo/USP/Pesquisa/Base de Dados/Suporte/Projetos/Pr06 - PlayCanvas,src/framework/components/collision/component.js,251,283,33,9,2,1,1,3,1,0.0,0,0
M-010063,C:/Users/dssar/Estudo/USP/Pesquisa/Base de Dados/Suporte/Projetos/Pr06 - PlayCanvas,src/framework/components/collision/trigger.js,131,145,15,3,1,3,3,0,1,0.0,0,0
M-010283,C:/Users/dssar/Estudo/USP/Pesquisa/Base de Dados/Suporte/Projetos/Pr06 - PlayCanvas,src/framework/components/element/system.js,91,272,182,75,3,3,3,3,1,0.0,1,1
M-010305,C:/Users/dssar/Estudo/USP/Pesquisa/Base de Dados/Suporte/Projetos/Pr06 - PlayCanvas,src/framework/components/element/text-element.js,323,716,394,58,7,7,7,1,1,0.0,1,1
M-010316,C:/Users/dssar/Estudo/USP/Pesquisa/Base de Dados/Suporte/Projetos/Pr06 - PlayCanvas,src/framework/components/element/text-element.js,827,1372,546,69,10,12,12,0,1,0.0,1,1
M-010581,C:/Users/dssar/Estudo/USP/Pesquisa/Base de Dados/Suporte/Projetos/Pr06 - PlayCanvas,src/framework/components/model/component.js,1095,1099,5,2,1,0,0,4,1,0.0,0,0
M-010752,C:/Users/dssar/Estudo/USP/Pesquisa/Base de Dados/Suporte/Projetos/Pr06 - PlayCanvas,src/framework/components/rigid-body/component.js,490,541,52,10,2,1,1,0,1,0.0,0,1
M-010854,C:/Users/dssar/Estudo/USP/Pesquisa/Base de Dados/Suporte/Projetos/Pr06 - PlayCanvas,src/framework/components/script/component.js,529,558,30,10,4,0,0,6,1,0.0,0,0
M-010855,C:/Users/dssar/Estudo/USP/Pesquisa/Base de Dados/Suporte/Projetos/Pr06 - PlayCanvas,src/framework/components/script/component.js,571,582,12,4,1,4,4,1,1,0.0,0,0
M-010863,C:/Users/dssar/Estudo/USP/Pesquisa/Base de Dados/Suporte/Projetos/Pr06 - PlayCanvas,src/framework/components/script/system.js,32,65,34,1,0,0,0,1,1,0.0,0,0
M-011096,C:/Users/dssar/Estudo/USP/Pesquisa/Base de Dados/Suporte/Projetos/Pr06 - PlayCanvas,src/framework/components/sprite/component.js,244,249,6,2,1,0,0,1,1,0.0,0,0
M-011129,C:/Users/dssar/Estudo/USP/Pesquisa/Base de Dados/Suporte/Projetos/Pr06 - PlayCanvas,src/framework/components/sprite/component.js,643,755,113,17,2,1,1,1,1,0.0,1,1
M-011216,C:/Users/dssar/Estudo/USP/Pesquisa/Base de Dados/Suporte/Projetos/Pr06 - PlayCanvas,src/framework/entity.js,509,530,22,4,2,0,0,0,1,0.0,0,0
M-011239,C:/Users/dssar/Estudo/USP/Pesquisa/Base de Dados/Suporte/Projetos/Pr06 - PlayCanvas,src/framework/graphics/picker.js,239,321,83,17,8,4,4,3,1,0.0,1,1
M-011257,C:/Users/dssar/Estudo/USP/Pesquisa/Base de Dados/Suporte/Projetos/Pr06 - PlayCanvas,src/framework/handlers/audio.js,74,78,5,1,0,1,1,1,1,0.0,0,0
M-011300,C:/Users/dssar/Estudo/USP/Pesquisa/Base de Dados/Suporte/Projetos/Pr06 - PlayCanvas,src/framework/handlers/cubemap.js,93,218,126,32,6,6,6,3,1,0.0,1,1
M-011357,C:/Users/dssar/Estudo/USP/Pesquisa/Base de Dados/Suporte/Projetos/Pr06 - PlayCanvas,src/framework/handlers/material.js,238,351,114,19,5,5,5,2,1,0.0,1,1
M-011528,C:/Users/dssar/Estudo/USP/Pesquisa/Base de Dados/Suporte/Projetos/Pr06 - PlayCanvas,src/framework/lightmapper/lightmapper.js,829,837,9,1,0,0,0,2,1,0.0,0,0
M-011531,C:/Users/dssar/Estudo/USP/Pesquisa/Base de Dados/Suporte/Projetos/Pr06 - PlayCanvas,src/framework/lightmapper/lightmapper.js,910,1142,233,33,10,9,9,3,1,0.0,1,1
M-011535,C:/Users/dssar/Estudo/USP/Pesquisa/Base de Dados/Suporte/Projetos/Pr06 - PlayCanvas,src/framework/parsers/glb-container-parser.js,7,12,6,1,0,0,0,3,1,0.0,0,0
M-011582,C:/Users/dssar/Estudo/USP/Pesquisa/Base de Dados/Suporte/Projetos/Pr06 - PlayCanvas,src/framework/parsers/texture/dds.js,33,171,139,29,6,21,21,4,1,0.0,1,1
M-011831,C:/Users/dssar/Estudo/USP/Pesquisa/Base de Dados/Suporte/Projetos/Pr06 - PlayCanvas,src/platform/audio/channel.js,24,49,26,6,1,0,0,3,1,0.0,0,0
M-011874,C:/Users/dssar/Estudo/USP/Pesquisa/Base de Dados/Suporte/Projetos/Pr06 - PlayCanvas,src/platform/graphics/blend-state.js,94,101,8,4,0,0,0,11,1,0.0,0,0
M-012148,C:/Users/dssar/Estudo/USP/Pesquisa/Base de Dados/Suporte/Projetos/Pr06 - PlayCanvas,src/platform/graphics/texture.js,723,805,83,22,5,0,0,2,1,0.0,1,1
M-012153,C:/Users/dssar/Estudo/USP/Pesquisa/Base de Dados/Suporte/Projetos/Pr06 - PlayCanvas,src/platform/graphics/texture.js,888,991,104,19,7,13,13,0,1,0.0,1,1
M-012178,C:/Users/dssar/Estudo/USP/Pesquisa/Base de Dados/Suporte/Projetos/Pr06 - PlayCanvas,src/platform/graphics/versioned-object.js,17,20,4,1,0,0,0,0,1,0.0,0,0
M-012189,C:/Users/dssar/Estudo/USP/Pesquisa/Base de Dados/Suporte/Projetos/Pr06 - PlayCanvas,src/platform/graphics/vertex-format.js,121,193,73,15,3,0,0,3,1,0.0,0,1
M-012219,C:/Users/dssar/Estudo/USP/Pesquisa/Base de Dados/Suporte/Projetos/Pr06 - PlayCanvas,src/platform/graphics/webgl/webgl-graphics-device.js,314,727,414,38,4,5,5,2,1,0.0,1,1
M-012260,C:/Users/dssar/Estudo/USP/Pesquisa/Base de Dados/Suporte/Projetos/Pr06 - PlayCanvas,src/platform/graphics/webgl/webgl-graphics-device.js,1881,2021,141,30,6,6,6,3,1,0.0,1,1
M-012299,C:/Users/dssar/Estudo/USP/Pesquisa/Base de Dados/Suporte/Projetos/Pr06 - PlayCanvas,src/platform/graphics/webgl/webgl-render-target.js,95,225,131,29,4,5,5,2,1,0.0,1,1
M-012326,C:/Users/dssar/Estudo/USP/Pesquisa/Base de Dados/Suporte/Projetos/Pr06 - PlayCanvas,src/platform/graphics/webgl/webgl-texture.js,284,499,216,45,9,2,2,2,1,0.0,1,1
M-012328,C:/Users/dssar/Estudo/USP/Pesquisa/Base de Dados/Suporte/Projetos/Pr06 - PlayCanvas,src/platform/graphics/webgl/webgl-vertex-buffer.js,21,24,4,1,0,0,0,0,1,0.0,0,0
M-012345,C:/Users/dssar/Estudo/USP/Pesquisa/Base de Dados/Suporte/Projetos/Pr06 - PlayCanvas,src/platform/graphics/webgpu/webgpu-debug.js,24,27,4,1,0,0,0,1,1,0.0,0,0
M-012408,C:/Users/dssar/Estudo/USP/Pesquisa/Base de Dados/Suporte/Projetos/Pr06 - PlayCanvas,src/platform/graphics/webgpu/webgpu-mipmap-renderer.js,59,62,4,1,0,0,0,0,1,0.0,0,0
M-012461,C:/Users/dssar/Estudo/USP/Pesquisa/Base de Dados/Suporte/Projetos/Pr06 - PlayCanvas,src/platform/graphics/webgpu/webgpu-texture.js,388,416,29,1,0,3,3,4,1,0.0,0,0
M-012529,C:/Users/dssar/Estudo/USP/Pesquisa/Base de Dados/Suporte/Projetos/Pr06 - PlayCanvas,src/platform/input/keyboard.js,155,168,14,2,1,0,0,0,1,0.0,0,0
M-012540,C:/Users/dssar/Estudo/USP/Pesquisa/Base de Dados/Suporte/Projetos/Pr06 - PlayCanvas,src/platform/input/mouse-event.js,25,152,128,21,2,0,0,2,1,0.0,1,0
M-012698,C:/Users/dssar/Estudo/USP/Pesquisa/Base de Dados/Suporte/Projetos/Pr06 - PlayCanvas,src/scene/batching/batch-manager.js,434,547,114,29,6,7,7,4,1,0.0,1,1
M-012700,C:/Users/dssar/Estudo/USP/Pesquisa/Base de Dados/Suporte/Projetos/Pr06 - PlayCanvas,src/scene/batching/batch-manager.js,628,829,202,32,10,2,2,3,1,0.0,1,1
M-012787,C:/Users/dssar/Estudo/USP/Pesquisa/Base de Dados/Suporte/Projetos/Pr06 - PlayCanvas,src/scene/composition/layer-composition.js,229,289,61,14,3,2,2,7,1,0.0,0,1
M-012788,C:/Users/dssar/Estudo/USP/Pesquisa/Base de Dados/Suporte/Projetos/Pr06 - PlayCanvas,src/scene/composition/layer-composition.js,293,322,30,8,4,0,0,2,1,0.0,0,0
M-012935,C:/Users/dssar/Estudo/USP/Pesquisa/Base de Dados/Suporte/Projetos/Pr06 - PlayCanvas,src/scene/immediate/immediate.js,103,111,9,1,0,0,0,0,1,0.0,0,0
M-012959,C:/Users/dssar/Estudo/USP/Pesquisa/Base de Dados/Suporte/Projetos/Pr06 - PlayCanvas,src/scene/layer.js,601,624,24,5,4,2,2,2,1,0.0,0,0
M-012973,C:/Users/dssar/Estudo/USP/Pesquisa/Base de Dados/Suporte/Projetos/Pr06 - PlayCanvas,src/scene/layer.js,857,860,4,1,0,0,0,0,1,0.0,0,0
M-013074,C:/Users/dssar/Estudo/USP/Pesquisa/Base de Dados/Suporte/Projetos/Pr06 - PlayCanvas,src/scene/lighting/lighting-params.js,143,150,8,2,1,0,0,1,1,0.0,0,0
M-013103,C:/Users/dssar/Estudo/USP/Pesquisa/Base de Dados/Suporte/Projetos/Pr06 - PlayCanvas,src/scene/lighting/lights-buffer.js,372,377,6,2,2,1,1,3,1,0.0,0,0
M-013104,C:/Users/dssar/Estudo/USP/Pesquisa/Base de Dados/Suporte/Projetos/Pr06 - PlayCanvas,src/scene/lighting/lights-buffer.js,380,498,119,24,3,8,8,3,1,0.0,1,1
M-013189,C:/Users/dssar/Estudo/USP/Pesquisa/Base de Dados/Suporte/Projetos/Pr06 - PlayCanvas,src/scene/materials/standard-material-validator.js,67,75,9,2,1,0,0,2,1,0.0,0,0
M-013190,C:/Users/dssar/Estudo/USP/Pesquisa/Base de Dados/Suporte/Projetos/Pr06 - PlayCanvas,src/scene/materials/standard-material-validator.js,77,179,103,43,6,3,3,1,1,0.0,1,1
M-013205,C:/Users/dssar/Estudo/USP/Pesquisa/Base de Dados/Suporte/Projetos/Pr06 - PlayCanvas,src/scene/materials/standard-material.js,698,825,128,42,2,2,2,2,1,0.0,1,1
M-013273,C:/Users/dssar/Estudo/USP/Pesquisa/Base de Dados/Suporte/Projetos/Pr06 - PlayCanvas,src/scene/mesh.js,316,441,126,27,9,10,10,1,1,0.0,1,1
M-013346,C:/Users/dssar/Estudo/USP/Pesquisa/Base de Dados/Suporte/Projetos/Pr06 - PlayCanvas,src/scene/particle-system/cpu-updater.js,162,464,303,45,5,4,4,8,4,3.5,1,1
M-013358,C:/Users/dssar/Estudo/USP/Pesquisa/Base de Dados/Suporte/Projetos/Pr06 - PlayCanvas,src/scene/particle-system/particle-emitter.js,560,719,160,39,2,9,9,0,1,0.0,1,1
M-013365,C:/Users/dssar/Estudo/USP/Pesquisa/Base de Dados/Suporte/Projetos/Pr06 - PlayCanvas,src/scene/particle-system/particle-emitter.js,969,1085,117,18,6,2,2,1,1,0.0,1,1
M-013371,C:/Users/dssar/Estudo/USP/Pesquisa/Base de Dados/Suporte/Projetos/Pr06 - PlayCanvas,src/scene/particle-system/particle-emitter.js,1211,1278,68,15,1,0,0,0,1,0.0,0,0
M-013401,C:/Users/dssar/Estudo/USP/Pesquisa/Base de Dados/Suporte/Projetos/Pr06 - PlayCanvas,src/scene/renderer/forward-renderer.js,746,856,111,22,6,2,2,2,1,0.0,1,1
M-013572,C:/Users/dssar/Estudo/USP/Pesquisa/Base de Dados/Suporte/Projetos/Pr06 - PlayCanvas,src/scene/shader-lib/programs/lit-shader.js,195,400,206,32,3,6,6,3,1,0.0,1,1
M-013576,C:/Users/dssar/Estudo/USP/Pesquisa/Base de Dados/Suporte/Projetos/Pr06 - PlayCanvas,src/scene/shader-lib/programs/lit-shader.js,446,558,113,37,3,11,11,0,1,0.0,1,1
M-013577,C:/Users/dssar/Estudo/USP/Pesquisa/Base de Dados/Suporte/Projetos/Pr06 - PlayCanvas,src/scene/shader-lib/programs/lit-shader.js,561,1551,991,314,7,15,15,0,1,0.0,1,1
M-013599,C:/Users/dssar/Estudo/USP/Pesquisa/Base de Dados/Suporte/Projetos/Pr06 - PlayCanvas,src/scene/shader-lib/programs/standard.js,209,513,305,54,4,12,12,2,3,3.0,1,1
M-013730,C:/Users/dssar/Estudo/USP/Pesquisa/Base de Dados/Suporte/Projetos/Pr07 - OpenLayers,src/ol/control/MousePosition.js,182,185,4,1,0,1,1,1,1,0.0,0,0
M-013749,C:/Users/dssar/Estudo/USP/Pesquisa/Base de Dados/Suporte/Projetos/Pr07 - OpenLayers,src/ol/control/OverviewMap.js,556,578,23,4,2,1,1,0,1,0.0,0,0
M-013767,C:/Users/dssar/Estudo/USP/Pesquisa/Base de Dados/Suporte/Projetos/Pr07 - OpenLayers,src/ol/control/ScaleLine.js,228,358,131,31,3,8,8,0,1,0.0,1,1
M-013881,C:/Users/dssar/Estudo/USP/Pesquisa/Base de Dados/Suporte/Projetos/Pr07 - OpenLayers,src/ol/format/GML2.js,130,145,16,2,1,1,1,2,1,0.0,0,0
M-013903,C:/Users/dssar/Estudo/USP/Pesquisa/Base de Dados/Suporte/Projetos/Pr07 - OpenLayers,src/ol/format/GML2.js,614,632,19,2,1,4,4,3,1,0.0,0,0
M-013988,C:/Users/dssar/Estudo/USP/Pesquisa/Base de Dados/Suporte/Projetos/Pr07 - OpenLayers,src/ol/format/JSONFeature.js,36,41,6,1,0,0,0,2,1,0.0,0,0
M-014111,C:/Users/dssar/Estudo/USP/Pesquisa/Base de Dados/Suporte/Projetos/Pr07 - OpenLayers,src/ol/format/WKB.js,796,809,14,5,1,2,2,1,1,0.0,0,0
M-014122,C:/Users/dssar/Estudo/USP/Pesquisa/Base de Dados/Suporte/Projetos/Pr07 - OpenLayers,src/ol/format/WKT.js,217,224,8,2,2,1,1,0,1,0.0,0,0
M-014135,C:/Users/dssar/Estudo/USP/Pesquisa/Base de Dados/Suporte/Projetos/Pr07 - OpenLayers,src/ol/format/WKT.js,418,426,9,3,2,0,0,0,1,0.0,0,0
M-014164,C:/Users/dssar/Estudo/USP/Pesquisa/Base de Dados/Suporte/Projetos/Pr07 - OpenLayers,src/ol/format/XMLFeature.js,18,26,9,1,0,0,0,0,1,0.0,0,0
M-014308,C:/Users/dssar/Estudo/USP/Pesquisa/Base de Dados/Suporte/Projetos/Pr07 - OpenLayers,src/ol/geom/MultiPolygon.js,151,166,16,2,2,3,3,0,1,0.0,0,0
M-014432,C:/Users/dssar/Estudo/USP/Pesquisa/Base de Dados/Suporte/Projetos/Pr07 - OpenLayers,src/ol/interaction/Draw.js,590,935,346,26,7,1,1,1,1,0.0,1,1
M-014520,C:/Users/dssar/Estudo/USP/Pesquisa/Base de Dados/Suporte/Projetos/Pr07 - OpenLayers,src/ol/interaction/Modify.js,876,976,101,15,5,3,3,1,1,0.0,1,1
M-014524,C:/Users/dssar/Estudo/USP/Pesquisa/Base de Dados/Suporte/Projetos/Pr07 - OpenLayers,src/ol/interaction/Modify.js,1165,1300,136,21,7,3,3,3,3,3.0,1,1
M-014527,C:/Users/dssar/Estudo/USP/Pesquisa/Base de Dados/Suporte/Projetos/Pr07 - OpenLayers,src/ol/interaction/Modify.js,1405,1518,114,24,5,2,2,0,1,0.0,1,1
M-014577,C:/Users/dssar/Estudo/USP/Pesquisa/Base de Dados/Suporte/Projetos/Pr07 - OpenLayers,src/ol/interaction/Snap.js,458,561,104,14,7,7,7,3,1,0.0,1,1
M-014655,C:/Users/dssar/Estudo/USP/Pesquisa/Base de Dados/Suporte/Projetos/Pr07 - OpenLayers,src/ol/layer/Graticule.js,789,1003,215,32,3,7,7,4,1,0.0,1,1
M-014756,C:/Users/dssar/Estudo/USP/Pesquisa/Base de Dados/Suporte/Projetos/Pr07 - OpenLayers,src/ol/Map.js,800,816,17,2,0,6,6,1,1,0.0,0,0
M-014799,C:/Users/dssar/Estudo/USP/Pesquisa/Base de Dados/Suporte/Projetos/Pr07 - OpenLayers,src/ol/Map.js,1532,1639,108,25,3,3,3,1,1,0.0,1,1
M-014899,C:/Users/dssar/Estudo/USP/Pesquisa/Base de Dados/Suporte/Projetos/Pr07 - OpenLayers,src/ol/render/canvas/Builder.js,142,156,15,3,3,3,3,2,1,0.0,0,0
M-014916,C:/Users/dssar/Estudo/USP/Pesquisa/Base de Dados/Suporte/Projetos/Pr07 - OpenLayers,src/ol/render/canvas/BuilderGroup.js,83,102,20,4,1,1,1,2,1,0.0,0,0
M-014918,C:/Users/dssar/Estudo/USP/Pesquisa/Base de Dados/Suporte/Projetos/Pr07 - OpenLayers,src/ol/render/canvas/Executor.js,229,337,109,24,4,23,23,4,1,0.0,1,1
M-014925,C:/Users/dssar/Estudo/USP/Pesquisa/Base de Dados/Suporte/Projetos/Pr07 - OpenLayers,src/ol/render/canvas/Executor.js,640,1198,559,83,9,6,6,8,1,0.0,1,1
M-014946,C:/Users/dssar/Estudo/USP/Pesquisa/Base de Dados/Suporte/Projetos/Pr07 - OpenLayers,src/ol/render/canvas/Immediate.js,489,535,47,10,2,0,0,1,1,0.0,0,1
M-014979,C:/Users/dssar/Estudo/USP/Pesquisa/Base de Dados/Suporte/Projetos/Pr07 - OpenLayers,src/ol/render/canvas/TextBuilder.js,163,449,287,50,7,5,5,2,1,0.0,1,1
M-014982,C:/Users/dssar/Estudo/USP/Pesquisa/Base de Dados/Suporte/Projetos/Pr07 - OpenLayers,src/ol/render/canvas/TextBuilder.js,554,659,106,31,3,0,0,2,1,0.0,1,1
M-015026,C:/Users/dssar/Estudo/USP/Pesquisa/Base de Dados/Suporte/Projetos/Pr07 - OpenLayers,src/ol/render/webgl/MixedGeometryBatch.js,275,428,154,23,5,0,0,6,1,0.0,1,1
M-015032,C:/Users/dssar/Estudo/USP/Pesquisa/Base de Dados/Suporte/Projetos/Pr07 - OpenLayers,src/ol/render/webgl/VectorStyleRenderer.js,307,338,32,4,0,3,3,2,1,0.0,0,0
M-015057,C:/Users/dssar/Estudo/USP/Pesquisa/Base de Dados/Suporte/Projetos/Pr07 - OpenLayers,src/ol/renderer/canvas/TileLayer.js,249,573,325,42,11,31,31,2,1,0.0,1,1
M-015083,C:/Users/dssar/Estudo/USP/Pesquisa/Base de Dados/Suporte/Projetos/Pr07 - OpenLayers,src/ol/renderer/canvas/VectorLayer.js,540,748,209,28,3,26,26,1,1,0.0,1,1
M-015085,C:/Users/dssar/Estudo/USP/Pesquisa/Base de Dados/Suporte/Projetos/Pr07 - OpenLayers,src/ol/renderer/canvas/VectorTileLayer.js,67,96,30,1,0,0,0,1,1,0.0,0,0
M-015091,C:/Users/dssar/Estudo/USP/Pesquisa/Base de Dados/Suporte/Projetos/Pr07 - OpenLayers,src/ol/renderer/canvas/VectorTileLayer.js,189,320,132,20,5,12,12,3,1,0.0,1,1
M-015098,C:/Users/dssar/Estudo/USP/Pesquisa/Base de Dados/Suporte/Projetos/Pr07 - OpenLayers,src/ol/renderer/canvas/VectorTileLayer.js,624,726,103,13,8,14,14,2,1,0.0,1,1
M-015161,C:/Users/dssar/Estudo/USP/Pesquisa/Base de Dados/Suporte/Projetos/Pr07 - OpenLayers,src/ol/renderer/webgl/TileLayer.js,262,352,91,17,4,8,8,1,1,0.0,1,1
M-015168,C:/Users/dssar/Estudo/USP/Pesquisa/Base de Dados/Suporte/Projetos/Pr07 - OpenLayers,src/ol/renderer/webgl/TileLayerBase.js,285,404,120,14,8,10,10,5,1,0.0,1,1
M-015172,C:/Users/dssar/Estudo/USP/Pesquisa/Base de Dados/Suporte/Projetos/Pr07 - OpenLayers,src/ol/renderer/webgl/TileLayerBase.js,521,708,188,18,5,18,18,1,3,3.0,1,1
M-015224,C:/Users/dssar/Estudo/USP/Pesquisa/Base de Dados/Suporte/Projetos/Pr07 - OpenLayers,src/ol/reproj/Triangulation.js,286,474,189,53,4,4,4,9,1,0.0,1,1
M-015239,C:/Users/dssar/Estudo/USP/Pesquisa/Base de Dados/Suporte/Projetos/Pr07 - OpenLayers,src/ol/source/Cluster.js,73,144,72,5,2,0,0,1,1,0.0,0,1
M-015267,C:/Users/dssar/Estudo/USP/Pesquisa/Base de Dados/Suporte/Projetos/Pr07 - OpenLayers,src/ol/source/GeoTIFF.js,513,523,11,3,3,1,1,1,1,0.0,0,0
M-015268,C:/Users/dssar/Estudo/USP/Pesquisa/Base de Dados/Suporte/Projetos/Pr07 - OpenLayers,src/ol/source/GeoTIFF.js,532,764,233,31,6,6,6,1,1,0.0,1,1
M-015270,C:/Users/dssar/Estudo/USP/Pesquisa/Base de Dados/Suporte/Projetos/Pr07 - OpenLayers,src/ol/source/GeoTIFF.js,858,966,109,25,9,10,10,2,1,0.0,1,1
M-015271,C:/Users/dssar/Estudo/USP/Pesquisa/Base de Dados/Suporte/Projetos/Pr07 - OpenLayers,src/ol/source/IIIF.js,66,351,286,61,6,18,18,1,1,0.0,1,1
M-015286,C:/Users/dssar/Estudo/USP/Pesquisa/Base de Dados/Suporte/Projetos/Pr07 - OpenLayers,src/ol/source/ImageArcGISRest.js,198,204,7,2,1,0,0,1,1,0.0,0,0
M-015444,C:/Users/dssar/Estudo/USP/Pesquisa/Base de Dados/Suporte/Projetos/Pr07 - OpenLayers,src/ol/source/Vector.js,375,385,11,1,0,0,0,2,1,0.0,0,0
M-015517,C:/Users/dssar/Estudo/USP/Pesquisa/Base de Dados/Suporte/Projetos/Pr07 - OpenLayers,src/ol/structs/LRUCache.js,28,59,32,2,0,0,0,1,1,0.0,0,0
M-015538,C:/Users/dssar/Estudo/USP/Pesquisa/Base de Dados/Suporte/Projetos/Pr07 - OpenLayers,src/ol/structs/PriorityQueue.js,74,89,16,2,1,4,4,0,1,0.0,0,0
M-015572,C:/Users/dssar/Estudo/USP/Pesquisa/Base de Dados/Suporte/Projetos/Pr07 - OpenLayers,src/ol/style/Icon.js,86,281,196,37,6,5,5,1,1,0.0,1,1
M-015598,C:/Users/dssar/Estudo/USP/Pesquisa/Base de Dados/Suporte/Projetos/Pr07 - OpenLayers,src/ol/style/IconImage.js,157,160,4,2,0,0,0,1,1,0.0,0,0
M-015661,C:/Users/dssar/Estudo/USP/Pesquisa/Base de Dados/Suporte/Projetos/Pr07 - OpenLayers,src/ol/style/RegularShape.js,517,544,28,5,2,0,0,3,1,0.0,0,0
M-015701,C:/Users/dssar/Estudo/USP/Pesquisa/Base de Dados/Suporte/Projetos/Pr07 - OpenLayers,src/ol/style/Text.js,214,241,28,7,0,1,1,0,1,0.0,0,0
M-015820,C:/Users/dssar/Estudo/USP/Pesquisa/Base de Dados/Suporte/Projetos/Pr07 - OpenLayers,src/ol/View.js,615,702,88,19,3,1,1,1,1,0.0,1,1
M-015855,C:/Users/dssar/Estudo/USP/Pesquisa/Base de Dados/Suporte/Projetos/Pr07 - OpenLayers,src/ol/View.js,1286,1303,18,4,2,0,0,1,1,0.0,0,0
M-016019,C:/Users/dssar/Estudo/USP/Pesquisa/Base de Dados/Suporte/Projetos/Pr08 - ApexCharts,src/apexcharts.js,684,688,5,1,0,1,1,0,1,0.0,0,0
M-016021,C:/Users/dssar/Estudo/USP/Pesquisa/Base de Dados/Suporte/Projetos/Pr08 - ApexCharts,src/apexcharts.js,694,697,4,1,0,1,1,1,1,0.0,0,0
M-016072,C:/Users/dssar/Estudo/USP/Pesquisa/Base de Dados/Suporte/Projetos/Pr08 - ApexCharts,src/charts/common/circle/Helpers.js,9,29,21,2,0,5,5,4,1,0.0,0,0
M-016097,C:/Users/dssar/Estudo/USP/Pesquisa/Base de Dados/Suporte/Projetos/Pr08 - ApexCharts,src/charts/Pie.js,14,65,52,5,1,1,1,1,1,0.0,0,1
M-016099,C:/Users/dssar/Estudo/USP/Pesquisa/Base de Dados/Suporte/Projetos/Pr08 - ApexCharts,src/charts/Pie.js,201,411,211,26,5,1,1,2,1,0.0,1,1
M-016100,C:/Users/dssar/Estudo/USP/Pesquisa/Base de Dados/Suporte/Projetos/Pr08 - ApexCharts,src/charts/Pie.js,413,445,33,2,1,1,1,2,1,0.0,0,0
M-016101,C:/Users/dssar/Estudo/USP/Pesquisa/Base de Dados/Suporte/Projetos/Pr08 - ApexCharts,src/charts/Pie.js,448,481,34,9,2,0,0,2,1,0.0,0,1
M-016108,C:/Users/dssar/Estudo/USP/Pesquisa/Base de Dados/Suporte/Projetos/Pr08 - ApexCharts,src/charts/Pie.js,888,934,47,10,2,2,2,4,1,0.0,0,1
M-016118,C:/Users/dssar/Estudo/USP/Pesquisa/Base de Dados/Suporte/Projetos/Pr08 - ApexCharts,src/charts/Radar.js,488,504,17,5,4,0,0,1,1,0.0,0,0
M-016123,C:/Users/dssar/Estudo/USP/Pesquisa/Base de Dados/Suporte/Projetos/Pr08 - ApexCharts,src/charts/Radial.js,195,387,193,24,3,0,0,1,1,0.0,1,1
M-016126,C:/Users/dssar/Estudo/USP/Pesquisa/Base de Dados/Suporte/Projetos/Pr08 - ApexCharts,src/charts/Radial.js,457,466,10,1,0,1,1,1,1,0.0,0,0
M-016134,C:/Users/dssar/Estudo/USP/Pesquisa/Base de Dados/Suporte/Projetos/Pr08 - ApexCharts,src/charts/Scatter.js,103,261,159,26,5,3,3,7,1,0.0,1,1
M-016135,C:/Users/dssar/Estudo/USP/Pesquisa/Base de Dados/Suporte/Projetos/Pr08 - ApexCharts,src/charts/Scatter.js,263,270,8,1,0,0,0,1,1,0.0,0,0
M-016168,C:/Users/dssar/Estudo/USP/Pesquisa/Base de Dados/Suporte/Projetos/Pr08 - ApexCharts,src/modules/annotations/Helpers.js,9,44,36,5,3,0,0,2,1,0.0,0,0
M-016187,C:/Users/dssar/Estudo/USP/Pesquisa/Base de Dados/Suporte/Projetos/Pr08 - ApexCharts,src/modules/axes/AxesUtils.js,13,113,101,18,5,3,3,7,1,0.0,1,1
M-016199,C:/Users/dssar/Estudo/USP/Pesquisa/Base de Dados/Suporte/Projetos/Pr08 - ApexCharts,src/modules/axes/Grid.js,206,242,37,14,1,4,4,1,1,0.0,0,0
M-016200,C:/Users/dssar/Estudo/USP/Pesquisa/Base de Dados/Suporte/Projetos/Pr08 - ApexCharts,src/modules/axes/Grid.js,244,265,22,5,0,4,4,1,1,0.0,0,0
M-016208,C:/Users/dssar/Estudo/USP/Pesquisa/Base de Dados/Suporte/Projetos/Pr08 - ApexCharts,src/modules/axes/XAxis.js,340,520,181,22,6,2,2,1,1,0.0,1,1
M-016213,C:/Users/dssar/Estudo/USP/Pesquisa/Base de Dados/Suporte/Projetos/Pr08 - ApexCharts,src/modules/axes/YAxis.js,33,203,171,18,5,1,1,1,1,0.0,1,1
M-016225,C:/Users/dssar/Estudo/USP/Pesquisa/Base de Dados/Suporte/Projetos/Pr08 - ApexCharts,src/modules/Core.js,129,367,239,27,5,3,3,2,1,0.0,1,1
M-016245,C:/Users/dssar/Estudo/USP/Pesquisa/Base de Dados/Suporte/Projetos/Pr08 - ApexCharts,src/modules/CoreUtils.js,172,191,20,1,5,2,2,2,1,0.0,0,0
M-016258,C:/Users/dssar/Estudo/USP/Pesquisa/Base de Dados/Suporte/Projetos/Pr08 - ApexCharts,src/modules/Data.js,24,39,16,6,1,2,2,0,1,0.0,0,0
M-016261,C:/Users/dssar/Estudo/USP/Pesquisa/Base de Dados/Suporte/Projetos/Pr08 - ApexCharts,src/modules/Data.js,102,190,89,23,5,3,3,2,1,0.0,1,1
M-016285,C:/Users/dssar/Estudo/USP/Pesquisa/Base de Dados/Suporte/Projetos/Pr08 - ApexCharts,src/modules/dimensions/Grid.js,9,82,74,17,3,4,4,1,1,0.0,0,0
M-016297,C:/Users/dssar/Estudo/USP/Pesquisa/Base de Dados/Suporte/Projetos/Pr08 - ApexCharts,src/modules/dimensions/XAxis.js,282,372,91,2,4,8,8,1,1,0.0,0,1
M-016300,C:/Users/dssar/Estudo/USP/Pesquisa/Base de Dados/Suporte/Projetos/Pr08 - ApexCharts,src/modules/dimensions/YAxis.js,124,153,30,1,3,0,0,0,1,0.0,0,0
M-016313,C:/Users/dssar/Estudo/USP/Pesquisa/Base de Dados/Suporte/Projetos/Pr08 - ApexCharts,src/modules/Exports.js,94,100,7,1,0,2,2,0,1,0.0,0,0
M-016322,C:/Users/dssar/Estudo/USP/Pesquisa/Base de Dados/Suporte/Projetos/Pr08 - ApexCharts,src/modules/Fill.js,98,204,107,21,2,0,0,1,1,0.0,1,1
M-016326,C:/Users/dssar/Estudo/USP/Pesquisa/Base de Dados/Suporte/Projetos/Pr08 - ApexCharts,src/modules/Fill.js,314,405,92,19,3,1,1,1,1,0.0,1,1
M-016344,C:/Users/dssar/Estudo/USP/Pesquisa/Base de Dados/Suporte/Projetos/Pr08 - ApexCharts,src/modules/Graphics.js,47,198,152,14,4,18,18,2,1,0.0,1,1
M-016348,C:/Users/dssar/Estudo/USP/Pesquisa/Base de Dados/Suporte/Projetos/Pr08 - ApexCharts,src/modules/Graphics.js,275,284,10,3,1,2,2,2,1,0.0,0,0
M-016353,C:/Users/dssar/Estudo/USP/Pesquisa/Base de Dados/Suporte/Projetos/Pr08 - ApexCharts,src/modules/Graphics.js,347,350,4,1,0,0,0,6,1,0.0,0,0
M-016358,C:/Users/dssar/Estudo/USP/Pesquisa/Base de Dados/Suporte/Projetos/Pr08 - ApexCharts,src/modules/Graphics.js,546,640,95,23,5,0,0,9,1,0.0,1,1
M-016377,C:/Users/dssar/Estudo/USP/Pesquisa/Base de Dados/Suporte/Projetos/Pr08 - ApexCharts,src/modules/helpers/UpdateHelpers.js,8,11,4,1,0,0,0,1,1,0.0,0,0
M-016388,C:/Users/dssar/Estudo/USP/Pesquisa/Base de Dados/Suporte/Projetos/Pr08 - ApexCharts,src/modules/legend/Helpers.js,96,100,5,1,0,1,1,0,1,0.0,0,0
M-016395,C:/Users/dssar/Estudo/USP/Pesquisa/Base de Dados/Suporte/Projetos/Pr08 - ApexCharts,src/modules/legend/Legend.js,68,305,238,54,6,0,0,0,1,0.0,1,1
M-016399,C:/Users/dssar/Estudo/USP/Pesquisa/Base de Dados/Suporte/Projetos/Pr08 - ApexCharts,src/modules/legend/Legend.js,404,430,27,8,2,2,2,1,1,0.0,0,0
M-016409,C:/Users/dssar/Estudo/USP/Pesquisa/Base de Dados/Suporte/Projetos/Pr08 - ApexCharts,src/modules/Range.js,25,174,150,41,9,3,3,4,3,3.0,1,1
M-016411,C:/Users/dssar/Estudo/USP/Pesquisa/Base de Dados/Suporte/Projetos/Pr08 - ApexCharts,src/modules/Range.js,314,440,127,35,8,2,2,0,1,0.0,1,1
M-016423,C:/Users/dssar/Estudo/USP/Pesquisa/Base de Dados/Suporte/Projetos/Pr08 - ApexCharts,src/modules/Scales.js,185,225,41,4,2,6,6,3,1,0.0,0,0
M-016446,C:/Users/dssar/Estudo/USP/Pesquisa/Base de Dados/Suporte/Projetos/Pr08 - ApexCharts,src/modules/Series.js,384,388,5,1,0,1,1,0,1,0.0,0,0
M-016466,C:/Users/dssar/Estudo/USP/Pesquisa/Base de Dados/Suporte/Projetos/Pr08 - ApexCharts,src/modules/settings/Defaults.js,285,331,47,1,0,0,0,0,1,0.0,0,1
M-016486,C:/Users/dssar/Estudo/USP/Pesquisa/Base de Dados/Suporte/Projetos/Pr08 - ApexCharts,src/modules/settings/Defaults.js,1043,1076,34,1,0,0,0,0,1,0.0,0,0
M-016488,C:/Users/dssar/Estudo/USP/Pesquisa/Base de Dados/Suporte/Projetos/Pr08 - ApexCharts,src/modules/settings/Globals.js,4,72,69,1,0,0,0,1,1,0.0,0,0
M-016495,C:/Users/dssar/Estudo/USP/Pesquisa/Base de Dados/Suporte/Projetos/Pr08 - ApexCharts,src/modules/Theme.js,31,145,115,15,5,2,2,0,1,0.0,1,1
M-016497,C:/Users/dssar/Estudo/USP/Pesquisa/Base de Dados/Suporte/Projetos/Pr08 - ApexCharts,src/modules/Theme.js,178,198,21,8,0,3,3,1,1,0.0,0,0
M-016498,C:/Users/dssar/Estudo/USP/Pesquisa/Base de Dados/Suporte/Projetos/Pr08 - ApexCharts,src/modules/Theme.js,200,240,41,11,1,0,0,0,1,0.0,0,1
M-016500,C:/Users/dssar/Estudo/USP/Pesquisa/Base de Dados/Suporte/Projetos/Pr08 - ApexCharts,src/modules/TimeScale.js,24,278,255,17,4,10,10,2,1,0.0,1,1
M-016501,C:/Users/dssar/Estudo/USP/Pesquisa/Base de Dados/Suporte/Projetos/Pr08 - ApexCharts,src/modules/TimeScale.js,280,296,17,1,0,3,3,2,1,0.0,0,0
M-016503,C:/Users/dssar/Estudo/USP/Pesquisa/Base de Dados/Suporte/Projetos/Pr08 - ApexCharts,src/modules/TimeScale.js,346,407,62,6,2,1,1,1,1,0.0,0,0
M-016518,C:/Users/dssar/Estudo/USP/Pesquisa/Base de Dados/Suporte/Projetos/Pr08 - ApexCharts,src/modules/Toolbar.js,164,200,37,3,2,1,1,1,1,0.0,0,0
M-016532,C:/Users/dssar/Estudo/USP/Pesquisa/Base de Dados/Suporte/Projetos/Pr08 - ApexCharts,src/modules/Toolbar.js,459,476,18,4,1,2,2,1,1,0.0,0,0
M-016545,C:/Users/dssar/Estudo/USP/Pesquisa/Base de Dados/Suporte/Projetos/Pr08 - ApexCharts,src/modules/tooltip/Intersect.js,147,249,103,27,3,5,5,1,1,0.0,1,1
M-016549,C:/Users/dssar/Estudo/USP/Pesquisa/Base de Dados/Suporte/Projetos/Pr08 - ApexCharts,src/modules/tooltip/Labels.js,50,198,149,14,7,5,5,1,1,0.0,1,1
M-016566,C:/Users/dssar/Estudo/USP/Pesquisa/Base de Dados/Suporte/Projetos/Pr08 - ApexCharts,src/modules/tooltip/Position.js,92,123,32,4,2,1,1,1,1,0.0,0,0
M-016572,C:/Users/dssar/Estudo/USP/Pesquisa/Base de Dados/Suporte/Projetos/Pr08 - ApexCharts,src/modules/tooltip/Position.js,359,441,83,27,3,4,4,2,1,0.0,1,1
M-016577,C:/Users/dssar/Estudo/USP/Pesquisa/Base de Dados/Suporte/Projetos/Pr08 - ApexCharts,src/modules/tooltip/Tooltip.js,55,132,78,18,2,1,1,1,1,0.0,0,1
M-016579,C:/Users/dssar/Estudo/USP/Pesquisa/Base de Dados/Suporte/Projetos/Pr08 - ApexCharts,src/modules/tooltip/Tooltip.js,189,288,100,35,4,6,6,0,1,0.0,1,1
M-016593,C:/Users/dssar/Estudo/USP/Pesquisa/Base de Dados/Suporte/Projetos/Pr08 - ApexCharts,src/modules/tooltip/Tooltip.js,788,899,112,21,5,3,3,6,1,0.0,1,1
M-016605,C:/Users/dssar/Estudo/USP/Pesquisa/Base de Dados/Suporte/Projetos/Pr08 - ApexCharts,src/modules/tooltip/Utils.js,323,327,5,1,0,0,0,0,1,0.0,0,0
M-016613,C:/Users/dssar/Estudo/USP/Pesquisa/Base de Dados/Suporte/Projetos/Pr08 - ApexCharts,src/modules/ZoomPanSelection.js,233,256,24,4,1,2,2,0,3,3.0,0,0
M-016616,C:/Users/dssar/Estudo/USP/Pesquisa/Base de Dados/Suporte/Projetos/Pr08 - ApexCharts,src/modules/ZoomPanSelection.js,353,362,10,2,1,0,0,1,1,0.0,0,0
M-016628,C:/Users/dssar/Estudo/USP/Pesquisa/Base de Dados/Suporte/Projetos/Pr08 - ApexCharts,src/utils/DateTime.js,42,51,10,2,1,1,1,1,1,0.0,0,0
M-016637,C:/Users/dssar/Estudo/USP/Pesquisa/Base de Dados/Suporte/Projetos/Pr08 - ApexCharts,src/utils/Utils.js,6,10,5,1,2,0,0,2,1,0.0,0,0
M-016674,C:/Users/dssar/Estudo/USP/Pesquisa/Base de Dados/Suporte/Projetos/Pr08 - ApexCharts,src/utils/Utils.js,370,377,8,3,1,0,0,0,1,0.0,0,0
